{"01": 1004328.7599999912, "02": 1132852.1200000017, "03": 61024.27000000009, "04": 0, "05": 0, "06": 0, "07": 0, "08": 0, "09": 0, "10": 0, "11": 0, "12": 0}