{"01": 125906.7899999998, "02": 122916.71999999999, "03": 3406.43, "04": 0, "05": 0, "06": 0, "07": 0, "08": 0, "09": 0, "10": 0, "11": 0, "12": 0}