{"01": 1385724.6300000323, "02": 1334014.260000059, "03": 57125.91000000167, "04": 0, "05": 0, "06": 0, "07": 0, "08": 0, "09": 0, "10": 0, "11": 0, "12": 0}