{"01": 1671930.6899996796, "02": 1543750.999999556, "03": 67410.83000000204, "04": 0, "05": 0, "06": 0, "07": 0, "08": 0, "09": 0, "10": 0, "11": 0, "12": 0}