{"01": 77137.0099999998, "02": 74025.3699999999, "03": 5027.449999999999, "04": 0, "05": 0, "06": 0, "07": 0, "08": 0, "09": 0, "10": 0, "11": 0, "12": 0}