{"01": 15621.79999999985, "02": 18828.68999999996, "03": 1956.4100000000005, "04": 0, "05": 0, "06": 0, "07": 0, "08": 0, "09": 0, "10": 0, "11": 0, "12": 0}