{"01": 155245.25999999998, "02": 132530.23999999985, "03": 9459.209999999995, "04": 0, "05": 0, "06": 0, "07": 0, "08": 0, "09": 0, "10": 0, "11": 0, "12": 0}