{"01": 2351266.7599999784, "02": 2127556.869999988, "03": 112554.88999999991, "04": 0, "05": 0, "06": 0, "07": 0, "08": 0, "09": 0, "10": 0, "11": 0, "12": 0}