{"01": 21500.33999999999, "02": 26735.770000000022, "03": 904.2299999999999, "04": 0, "05": 0, "06": 0, "07": 0, "08": 0, "09": 0, "10": 0, "11": 0, "12": 0}