{"01": 974067.5999999975, "02": 1129582.7299999942, "03": 81527.63999999994, "04": 0, "05": 0, "06": 0, "07": 0, "08": 0, "09": 0, "10": 0, "11": 0, "12": 0}