{"01": 3090331.3999999724, "02": 3046429.219999992, "03": 176511.0800000002, "04": 0, "05": 0, "06": 0, "07": 0, "08": 0, "09": 0, "10": 0, "11": 0, "12": 0}