{"01": 55188.530000000064, "02": 26892.260000000017, "03": 1250.98, "04": 0, "05": 0, "06": 0, "07": 0, "08": 0, "09": 0, "10": 0, "11": 0, "12": 0}