{"01": 42137.85999999998, "02": 40569.09000000002, "03": 993.44, "04": 0, "05": 0, "06": 0, "07": 0, "08": 0, "09": 0, "10": 0, "11": 0, "12": 0}