{"01": 1256471.6499999657, "02": 1232070.7999999695, "03": 72050.97999999973, "04": 0, "05": 0, "06": 0, "07": 0, "08": 0, "09": 0, "10": 0, "11": 0, "12": 0}