{"01": 391743.4799999943, "02": 383613.81999999617, "03": 24022.149999999958, "04": 0, "05": 0, "06": 0, "07": 0, "08": 0, "09": 0, "10": 0, "11": 0, "12": 0}