{"01": 229784.60000000053, "02": 225424.57000000039, "03": 13338.009999999986, "04": 0, "05": 0, "06": 0, "07": 0, "08": 0, "09": 0, "10": 0, "11": 0, "12": 0}