{"01": 140581.2200000003, "02": 161535.39999999906, "03": 11361.969999999983, "04": 0, "05": 0, "06": 0, "07": 0, "08": 0, "09": 0, "10": 0, "11": 0, "12": 0}