{"01": 178911.0299999997, "02": 185095.7399999995, "03": 12108.429999999995, "04": 0, "05": 0, "06": 0, "07": 0, "08": 0, "09": 0, "10": 0, "11": 0, "12": 0}