{"01": 28820.23999999996, "02": 27436.46000000005, "03": 1740.5800000000008, "04": 0, "05": 0, "06": 0, "07": 0, "08": 0, "09": 0, "10": 0, "11": 0, "12": 0}