{"01": 26933.180000000048, "02": 20698.59000000002, "03": 894.9700000000001, "04": 0, "05": 0, "06": 0, "07": 0, "08": 0, "09": 0, "10": 0, "11": 0, "12": 0}