{"01": 173956.4300000006, "02": 167143.96000000008, "03": 9179.440000000004, "04": 0, "05": 0, "06": 0, "07": 0, "08": 0, "09": 0, "10": 0, "11": 0, "12": 0}