{"01": 86549.25000000017, "02": 98208.94000000047, "03": 5628.709999999993, "04": 0, "05": 0, "06": 0, "07": 0, "08": 0, "09": 0, "10": 0, "11": 0, "12": 0}