{"01": 90610.74999999959, "02": 81921.42000000124, "03": 5057.970000000002, "04": 0, "05": 0, "06": 0, "07": 0, "08": 0, "09": 0, "10": 0, "11": 0, "12": 0}