{"01": 580630.0399999956, "02": 573922.4299999976, "03": 33644.590000000055, "04": 0, "05": 0, "06": 0, "07": 0, "08": 0, "09": 0, "10": 0, "11": 0, "12": 0}