{"01": 288970.16999999975, "02": 285718.0700000024, "03": 14568.329999999993, "04": 0, "05": 0, "06": 0, "07": 0, "08": 0, "09": 0, "10": 0, "11": 0, "12": 0}