{"01": 13575.229999999987, "02": 12035.62, "03": 496.46999999999997, "04": 0, "05": 0, "06": 0, "07": 0, "08": 0, "09": 0, "10": 0, "11": 0, "12": 0}