{"01": 145767.2699999999, "02": 143993.21999999983, "03": 8633.000000000004, "04": 0, "05": 0, "06": 0, "07": 0, "08": 0, "09": 0, "10": 0, "11": 0, "12": 0}