{"01": 6135.740000000002, "02": 6939.090000000004, "03": 178.22, "04": 0, "05": 0, "06": 0, "07": 0, "08": 0, "09": 0, "10": 0, "11": 0, "12": 0}