{"01": 227726.26000000033, "02": 229707.83999999816, "03": 15476.000000000011, "04": 0, "05": 0, "06": 0, "07": 0, "08": 0, "09": 0, "10": 0, "11": 0, "12": 0}