{"01": 350586.5799999981, "02": 318719.91999999847, "03": 7341.979999999997, "04": 0, "05": 0, "06": 0, "07": 0, "08": 0, "09": 0, "10": 0, "11": 0, "12": 0}