{"01": 54399.67999999995, "02": 56428.10999999998, "03": 995.38, "04": 0, "05": 0, "06": 0, "07": 0, "08": 0, "09": 0, "10": 0, "11": 0, "12": 0}