{"01": 733528.0000002527, "02": 734171.6400002738, "03": 44161.65000000087, "04": 0, "05": 0, "06": 0, "07": 0, "08": 0, "09": 0, "10": 0, "11": 0, "12": 0}