{"01": 537769.2600000747, "02": 564193.6500001062, "03": 39928.45000000056, "04": 0, "05": 0, "06": 0, "07": 0, "08": 0, "09": 0, "10": 0, "11": 0, "12": 0}