{"01": 55075.83000000039, "02": 56393.60000000106, "03": 3562.4600000000037, "04": 0, "05": 0, "06": 0, "07": 0, "08": 0, "09": 0, "10": 0, "11": 0, "12": 0}