{"01": 38283.18, "02": 38958.330000000075, "03": 2363.5000000000005, "04": 0, "05": 0, "06": 0, "07": 0, "08": 0, "09": 0, "10": 0, "11": 0, "12": 0}