{"01": 174163.859999984, "02": 182352.29999998267, "03": 8552.299999999977, "04": 0, "05": 0, "06": 0, "07": 0, "08": 0, "09": 0, "10": 0, "11": 0, "12": 0}