{"01": 386.6500000000011, "02": 3.6400000000000015, "03": 0.1, "04": 0, "05": 0, "06": 0, "07": 0, "08": 0, "09": 0, "10": 0, "11": 0, "12": 0}