{"01": 822512.4799999343, "02": 792571.6399999332, "03": 41310.4899999998, "04": 0, "05": 0, "06": 0, "07": 0, "08": 0, "09": 0, "10": 0, "11": 0, "12": 0}