{"01": 280963.43000000366, "02": 239318.5000000056, "03": 10506.410000000016, "04": 0, "05": 0, "06": 0, "07": 0, "08": 0, "09": 0, "10": 0, "11": 0, "12": 0}