{"01": 149421.21000000354, "02": 125982.35000000229, "03": 6364.650000000001, "04": 0, "05": 0, "06": 0, "07": 0, "08": 0, "09": 0, "10": 0, "11": 0, "12": 0}