{"01": 363865.03999999486, "02": 353910.3199999978, "03": 19656.360000000015, "04": 0, "05": 0, "06": 0, "07": 0, "08": 0, "09": 0, "10": 0, "11": 0, "12": 0}