{"01": 2399709.4000002826, "02": 2205635.7700002734, "03": 118249.21000000041, "04": 0, "05": 0, "06": 0, "07": 0, "08": 0, "09": 0, "10": 0, "11": 0, "12": 0}