{"01": 1045137.5099999103, "02": 1079938.5899998571, "03": 53929.15999999967, "04": 0, "05": 0, "06": 0, "07": 0, "08": 0, "09": 0, "10": 0, "11": 0, "12": 0}