{"01": 305248.1000000042, "02": 239147.00000000812, "03": 13372.710000000037, "04": 0, "05": 0, "06": 0, "07": 0, "08": 0, "09": 0, "10": 0, "11": 0, "12": 0}