{"01": 36560.429999999775, "02": 31990.979999999814, "03": 1585.0099999999995, "04": 0, "05": 0, "06": 0, "07": 0, "08": 0, "09": 0, "10": 0, "11": 0, "12": 0}