{"01": 72216.33, "02": 75500.21000000024, "03": 3979.589999999996, "04": 0, "05": 0, "06": 0, "07": 0, "08": 0, "09": 0, "10": 0, "11": 0, "12": 0}