{"01": 18519.33000000002, "02": 19509.400000000085, "03": 1020.3, "04": 0, "05": 0, "06": 0, "07": 0, "08": 0, "09": 0, "10": 0, "11": 0, "12": 0}