{"01": 5765.839999999988, "02": 4121.8000000000075, "03": 73.69999999999999, "04": 0, "05": 0, "06": 0, "07": 0, "08": 0, "09": 0, "10": 0, "11": 0, "12": 0}