{"01": 15747.25999999985, "02": 14865.55999999986, "03": 1380.6299999999999, "04": 0, "05": 0, "06": 0, "07": 0, "08": 0, "09": 0, "10": 0, "11": 0, "12": 0}