{"01": 33556.34000000024, "02": 30859.180000000248, "03": 1447.1700000000003, "04": 0, "05": 0, "06": 0, "07": 0, "08": 0, "09": 0, "10": 0, "11": 0, "12": 0}