{"01": 471490.27000000136, "02": 461104.48999999795, "03": 18044.11000000001, "04": 0, "05": 0, "06": 0, "07": 0, "08": 0, "09": 0, "10": 0, "11": 0, "12": 0}