{"01": 79102.63000000182, "02": 82573.05000000217, "03": 4578.160000000009, "04": 0, "05": 0, "06": 0, "07": 0, "08": 0, "09": 0, "10": 0, "11": 0, "12": 0}