{"01": 17697.249999999825, "02": 21267.64000000006, "03": 1441.4900000000005, "04": 0, "05": 0, "06": 0, "07": 0, "08": 0, "09": 0, "10": 0, "11": 0, "12": 0}