{"01": 4842.209999999999, "02": 4452.580000000002, "03": 245.92000000000002, "04": 0, "05": 0, "06": 0, "07": 0, "08": 0, "09": 0, "10": 0, "11": 0, "12": 0}