{"01": 8296.470000000001, "02": 9702.04999999999, "03": 564.2099999999998, "04": 0, "05": 0, "06": 0, "07": 0, "08": 0, "09": 0, "10": 0, "11": 0, "12": 0}