{"01": 80404.79000000075, "02": 74669.16000000073, "03": 4635.960000000003, "04": 0, "05": 0, "06": 0, "07": 0, "08": 0, "09": 0, "10": 0, "11": 0, "12": 0}