{"01": 10034.879999999943, "02": 9794.939999999948, "03": 514.0699999999999, "04": 0, "05": 0, "06": 0, "07": 0, "08": 0, "09": 0, "10": 0, "11": 0, "12": 0}