{"01": 5975.970000000001, "02": 6136.139999999999, "03": 265.47, "04": 0, "05": 0, "06": 0, "07": 0, "08": 0, "09": 0, "10": 0, "11": 0, "12": 0}