{"01": 16459.63999999991, "02": 16987.179999999953, "03": 1226.5099999999995, "04": 0, "05": 0, "06": 0, "07": 0, "08": 0, "09": 0, "10": 0, "11": 0, "12": 0}