{"01": 29720.7200000002, "02": 32847.02000000029, "03": 2368.350000000001, "04": 0, "05": 0, "06": 0, "07": 0, "08": 0, "09": 0, "10": 0, "11": 0, "12": 0}