{"01": 14902.239999999942, "02": 12314.459999999955, "03": 619.3399999999999, "04": 0, "05": 0, "06": 0, "07": 0, "08": 0, "09": 0, "10": 0, "11": 0, "12": 0}