{"01": 39136.8500000008, "02": 41908.59000000085, "03": 3053.6700000000046, "04": 0, "05": 0, "06": 0, "07": 0, "08": 0, "09": 0, "10": 0, "11": 0, "12": 0}