{"01": 2478.1800000000044, "02": 2521.2800000000047, "03": 371.6799999999999, "04": 0, "05": 0, "06": 0, "07": 0, "08": 0, "09": 0, "10": 0, "11": 0, "12": 0}