{"01": 13637.809999999934, "02": 11238.199999999953, "03": 544.9299999999998, "04": 0, "05": 0, "06": 0, "07": 0, "08": 0, "09": 0, "10": 0, "11": 0, "12": 0}