{"01": 19725.619999999963, "02": 18703.489999999987, "03": 1321.9600000000003, "04": 0, "05": 0, "06": 0, "07": 0, "08": 0, "09": 0, "10": 0, "11": 0, "12": 0}