{"01": 4318.070000000002, "02": 4917.509999999998, "03": 206.01, "04": 0, "05": 0, "06": 0, "07": 0, "08": 0, "09": 0, "10": 0, "11": 0, "12": 0}