{"01": 1802.8999999999978, "02": 1760.0799999999979, "03": 144.42000000000002, "04": 0, "05": 0, "06": 0, "07": 0, "08": 0, "09": 0, "10": 0, "11": 0, "12": 0}