{"01": 47040.07000000082, "02": 48834.4500000011, "03": 2753.2900000000022, "04": 0, "05": 0, "06": 0, "07": 0, "08": 0, "09": 0, "10": 0, "11": 0, "12": 0}