{"01": 105827.50999999797, "02": 117774.53999999778, "03": 8734.339999999986, "04": 0, "05": 0, "06": 0, "07": 0, "08": 0, "09": 0, "10": 0, "11": 0, "12": 0}