{"01": 551.4899999999998, "02": 439.0099999999999, "03": 49.11, "04": 0, "05": 0, "06": 0, "07": 0, "08": 0, "09": 0, "10": 0, "11": 0, "12": 0}