{"01": 8953.659999999927, "02": 7981.41999999995, "03": 496.9199999999998, "04": 0, "05": 0, "06": 0, "07": 0, "08": 0, "09": 0, "10": 0, "11": 0, "12": 0}