{"01": 12268.289999999868, "02": 12868.56999999991, "03": 772.4099999999995, "04": 0, "05": 0, "06": 0, "07": 0, "08": 0, "09": 0, "10": 0, "11": 0, "12": 0}