{"01": 6614.839999999987, "02": 5063.540000000001, "03": 486.19, "04": 0, "05": 0, "06": 0, "07": 0, "08": 0, "09": 0, "10": 0, "11": 0, "12": 0}