{"01": 25669.840000000197, "02": 29614.110000000208, "03": 2223.1700000000037, "04": 0, "05": 0, "06": 0, "07": 0, "08": 0, "09": 0, "10": 0, "11": 0, "12": 0}