{"01": 5956.059999999976, "02": 7576.959999999952, "03": 691.2299999999997, "04": 0, "05": 0, "06": 0, "07": 0, "08": 0, "09": 0, "10": 0, "11": 0, "12": 0}