{"01": 15506.599999999877, "02": 17278.409999999865, "03": 998.2699999999994, "04": 0, "05": 0, "06": 0, "07": 0, "08": 0, "09": 0, "10": 0, "11": 0, "12": 0}