{"01": 14423.029999999926, "02": 15298.689999999917, "03": 984.2999999999996, "04": 0, "05": 0, "06": 0, "07": 0, "08": 0, "09": 0, "10": 0, "11": 0, "12": 0}