{"01": 38030.360000000874, "02": 38540.77000000086, "03": 2438.1300000000037, "04": 0, "05": 0, "06": 0, "07": 0, "08": 0, "09": 0, "10": 0, "11": 0, "12": 0}