{"01": 6165.410000000004, "02": 5665.8099999999895, "03": 381.99, "04": 0, "05": 0, "06": 0, "07": 0, "08": 0, "09": 0, "10": 0, "11": 0, "12": 0}