{"01": 913.8600000000002, "02": 785.7400000000002, "03": 19.48, "04": 0, "05": 0, "06": 0, "07": 0, "08": 0, "09": 0, "10": 0, "11": 0, "12": 0}