{"01": 2466.2800000000047, "02": 1600.6600000000014, "03": 169.51000000000002, "04": 0, "05": 0, "06": 0, "07": 0, "08": 0, "09": 0, "10": 0, "11": 0, "12": 0}