{"01": 445.55999999999995, "02": 471.2099999999999, "03": 35.14, "04": 0, "05": 0, "06": 0, "07": 0, "08": 0, "09": 0, "10": 0, "11": 0, "12": 0}