{"01": 200.39000000000001, "02": 918.7199999999997, "03": 73.75, "04": 0, "05": 0, "06": 0, "07": 0, "08": 0, "09": 0, "10": 0, "11": 0, "12": 0}