{"01": 11778.569999999956, "02": 11435.989999999974, "03": 677.7599999999998, "04": 0, "05": 0, "06": 0, "07": 0, "08": 0, "09": 0, "10": 0, "11": 0, "12": 0}