{"01": 2228.730000000003, "02": 1461.3800000000003, "03": 47.7, "04": 0, "05": 0, "06": 0, "07": 0, "08": 0, "09": 0, "10": 0, "11": 0, "12": 0}