{"01": 1982.9400000000037, "02": 2366.7600000000025, "03": 266.4, "04": 0, "05": 0, "06": 0, "07": 0, "08": 0, "09": 0, "10": 0, "11": 0, "12": 0}