{"01": 69193.33000000054, "02": 69921.5600000008, "03": 4536.920000000008, "04": 0, "05": 0, "06": 0, "07": 0, "08": 0, "09": 0, "10": 0, "11": 0, "12": 0}