{"01": 549.2200000000001, "02": 1463.519999999999, "03": 103.39999999999999, "04": 0, "05": 0, "06": 0, "07": 0, "08": 0, "09": 0, "10": 0, "11": 0, "12": 0}