{"01": 22196.28999999997, "02": 19157.000000000015, "03": 1255.9500000000003, "04": 0, "05": 0, "06": 0, "07": 0, "08": 0, "09": 0, "10": 0, "11": 0, "12": 0}