{"01": 193199.619999983, "02": 192416.68999997978, "03": 12036.629999999914, "04": 0, "05": 0, "06": 0, "07": 0, "08": 0, "09": 0, "10": 0, "11": 0, "12": 0}