{"01": 48036.34000000093, "02": 44200.74000000088, "03": 2470.3100000000018, "04": 0, "05": 0, "06": 0, "07": 0, "08": 0, "09": 0, "10": 0, "11": 0, "12": 0}