{"01": 8008.769999999958, "02": 6763.919999999973, "03": 539.3899999999998, "04": 0, "05": 0, "06": 0, "07": 0, "08": 0, "09": 0, "10": 0, "11": 0, "12": 0}