{"01": 2245.4700000000034, "02": 2412.780000000005, "03": 158.76000000000002, "04": 0, "05": 0, "06": 0, "07": 0, "08": 0, "09": 0, "10": 0, "11": 0, "12": 0}