{"01": 1198.4000000000003, "02": 1082.4899999999993, "03": 49.35, "04": 0, "05": 0, "06": 0, "07": 0, "08": 0, "09": 0, "10": 0, "11": 0, "12": 0}