{"01": 8033.409999999969, "02": 8713.399999999969, "03": 329.9, "04": 0, "05": 0, "06": 0, "07": 0, "08": 0, "09": 0, "10": 0, "11": 0, "12": 0}