{"01": 1143.8899999999996, "02": 1961.1600000000017, "03": 236.02, "04": 0, "05": 0, "06": 0, "07": 0, "08": 0, "09": 0, "10": 0, "11": 0, "12": 0}