{"01": 15306.339999999798, "02": 14773.559999999863, "03": 603.9799999999998, "04": 0, "05": 0, "06": 0, "07": 0, "08": 0, "09": 0, "10": 0, "11": 0, "12": 0}