{"01": 5252.249999999996, "02": 5590.709999999992, "03": 617.3099999999997, "04": 0, "05": 0, "06": 0, "07": 0, "08": 0, "09": 0, "10": 0, "11": 0, "12": 0}