{"01": 3260.0600000000063, "02": 3211.320000000005, "03": 130.55, "04": 0, "05": 0, "06": 0, "07": 0, "08": 0, "09": 0, "10": 0, "11": 0, "12": 0}