{"01": 19995.260000000053, "02": 19706.850000000053, "03": 1281.74, "04": 0, "05": 0, "06": 0, "07": 0, "08": 0, "09": 0, "10": 0, "11": 0, "12": 0}