{"01": 12235.989999999958, "02": 9638.289999999977, "03": 776.9699999999998, "04": 0, "05": 0, "06": 0, "07": 0, "08": 0, "09": 0, "10": 0, "11": 0, "12": 0}