{"01": 32530.120000000225, "02": 32201.16000000019, "03": 1958.1500000000008, "04": 0, "05": 0, "06": 0, "07": 0, "08": 0, "09": 0, "10": 0, "11": 0, "12": 0}