{"01": 9105.849999999975, "02": 5393.629999999996, "03": 596.2499999999999, "04": 0, "05": 0, "06": 0, "07": 0, "08": 0, "09": 0, "10": 0, "11": 0, "12": 0}