{"01": 6746.039999999989, "02": 6284.119999999994, "03": 330.70000000000005, "04": 0, "05": 0, "06": 0, "07": 0, "08": 0, "09": 0, "10": 0, "11": 0, "12": 0}