{"01": 13616.439999999871, "02": 14720.379999999846, "03": 995.7799999999995, "04": 0, "05": 0, "06": 0, "07": 0, "08": 0, "09": 0, "10": 0, "11": 0, "12": 0}