{"01": 120411.95999998876, "02": 134714.90999999148, "03": 8061.339999999984, "04": 0, "05": 0, "06": 0, "07": 0, "08": 0, "09": 0, "10": 0, "11": 0, "12": 0}