{"01": 25947.00000000015, "02": 20209.02999999995, "03": 1111.4699999999991, "04": 0, "05": 0, "06": 0, "07": 0, "08": 0, "09": 0, "10": 0, "11": 0, "12": 0}