{"01": 29703.580000000737, "02": 30218.9500000004, "03": 2261.760000000001, "04": 0, "05": 0, "06": 0, "07": 0, "08": 0, "09": 0, "10": 0, "11": 0, "12": 0}