{"01": 195352.5300000003, "02": 120053.63999999936, "03": 7286.359999999998, "04": 0, "05": 0, "06": 0, "07": 0, "08": 0, "09": 0, "10": 0, "11": 0, "12": 0}