{"01": 136050.0400000002, "02": 107291.94000000025, "03": 6251.2100000000055, "04": 0, "05": 0, "06": 0, "07": 0, "08": 0, "09": 0, "10": 0, "11": 0, "12": 0}