{"01": 10663.529999999995, "02": 7986.010000000004, "03": 215.29000000000002, "04": 0, "05": 0, "06": 0, "07": 0, "08": 0, "09": 0, "10": 0, "11": 0, "12": 0}