{"01": 48520.70000000032, "02": 48802.37000000034, "03": 4932.569999999999, "04": 0, "05": 0, "06": 0, "07": 0, "08": 0, "09": 0, "10": 0, "11": 0, "12": 0}