{"01": 2306.93, "02": 2040.7400000000002, "03": 217.85000000000002, "04": 0, "05": 0, "06": 0, "07": 0, "08": 0, "09": 0, "10": 0, "11": 0, "12": 0}