{"01": 93777.71999999954, "02": 67465.73000000011, "03": 2956.5, "04": 0, "05": 0, "06": 0, "07": 0, "08": 0, "09": 0, "10": 0, "11": 0, "12": 0}