{"01": 6555.529999999997, "02": 8047.949999999998, "03": 761.3999999999999, "04": 0, "05": 0, "06": 0, "07": 0, "08": 0, "09": 0, "10": 0, "11": 0, "12": 0}