{"01": 42918.440000000235, "02": 47771.85000000037, "03": 5063.260000000002, "04": 0, "05": 0, "06": 0, "07": 0, "08": 0, "09": 0, "10": 0, "11": 0, "12": 0}