{"01": 211904.99999999354, "02": 251541.97999999215, "03": 29985.430000000128, "04": 0, "05": 0, "06": 0, "07": 0, "08": 0, "09": 0, "10": 0, "11": 0, "12": 0}