{"01": 162714.7599999852, "02": 158078.24999998868, "03": 8547.99999999996, "04": 0, "05": 0, "06": 0, "07": 0, "08": 0, "09": 0, "10": 0, "11": 0, "12": 0}