{"01": 279453.3099999869, "02": 281530.0999999863, "03": 15336.529999999917, "04": 0, "05": 0, "06": 0, "07": 0, "08": 0, "09": 0, "10": 0, "11": 0, "12": 0}