{"01": 575362.7800000559, "02": 610371.5300000955, "03": 31854.830000000264, "04": 0, "05": 0, "06": 0, "07": 0, "08": 0, "09": 0, "10": 0, "11": 0, "12": 0}