{"01": 199868.69999997996, "02": 232521.37999997596, "03": 16404.36999999989, "04": 0, "05": 0, "06": 0, "07": 0, "08": 0, "09": 0, "10": 0, "11": 0, "12": 0}