{"01": 79822.75999999847, "02": 20691.800000000094, "03": 679.3999999999996, "04": 0, "05": 0, "06": 0, "07": 0, "08": 0, "09": 0, "10": 0, "11": 0, "12": 0}