{"01": 770498.7300001979, "02": 690075.6300001759, "03": 34925.260000000446, "04": 0, "05": 0, "06": 0, "07": 0, "08": 0, "09": 0, "10": 0, "11": 0, "12": 0}