{"01": 144472.89999999225, "02": 160554.89999998847, "03": 10340.979999999941, "04": 0, "05": 0, "06": 0, "07": 0, "08": 0, "09": 0, "10": 0, "11": 0, "12": 0}