{"01": 201303.1199999926, "02": 168093.55999998903, "03": 7131.909999999982, "04": 0, "05": 0, "06": 0, "07": 0, "08": 0, "09": 0, "10": 0, "11": 0, "12": 0}