{"01": 137147.22999999145, "02": 129779.69999999444, "03": 5030.289999999994, "04": 0, "05": 0, "06": 0, "07": 0, "08": 0, "09": 0, "10": 0, "11": 0, "12": 0}