{"01": 314201.14999999054, "02": 301400.2699999913, "03": 15455.849999999931, "04": 0, "05": 0, "06": 0, "07": 0, "08": 0, "09": 0, "10": 0, "11": 0, "12": 0}