{"01": 37101.59000000039, "02": 30540.59000000022, "03": 1510.4100000000005, "04": 0, "05": 0, "06": 0, "07": 0, "08": 0, "09": 0, "10": 0, "11": 0, "12": 0}