{"01": 139008.66999999527, "02": 131953.24999999633, "03": 5291.7599999999975, "04": 0, "05": 0, "06": 0, "07": 0, "08": 0, "09": 0, "10": 0, "11": 0, "12": 0}