{"01": 71266.99000000098, "02": 75599.4300000009, "03": 2990.940000000005, "04": 0, "05": 0, "06": 0, "07": 0, "08": 0, "09": 0, "10": 0, "11": 0, "12": 0}