{"01": 886.1499999999996, "02": 1185.4399999999998, "03": 47.16, "04": 0, "05": 0, "06": 0, "07": 0, "08": 0, "09": 0, "10": 0, "11": 0, "12": 0}