{"01": 61971.58000000084, "02": 59631.84000000078, "03": 3235.000000000004, "04": 0, "05": 0, "06": 0, "07": 0, "08": 0, "09": 0, "10": 0, "11": 0, "12": 0}