{"01": 83166.73999999996, "02": 82021.17000000022, "03": 3906.2200000000003, "04": 0, "05": 0, "06": 0, "07": 0, "08": 0, "09": 0, "10": 0, "11": 0, "12": 0}