{"01": 219497.3199999868, "02": 225033.85999998654, "03": 12685.509999999951, "04": 0, "05": 0, "06": 0, "07": 0, "08": 0, "09": 0, "10": 0, "11": 0, "12": 0}