{"01": 3793.720000000004, "02": 3971.4700000000016, "03": 268.37, "04": 0, "05": 0, "06": 0, "07": 0, "08": 0, "09": 0, "10": 0, "11": 0, "12": 0}