{"01": 5709.069999999988, "02": 5626.699999999989, "03": 270.64000000000004, "04": 0, "05": 0, "06": 0, "07": 0, "08": 0, "09": 0, "10": 0, "11": 0, "12": 0}