{"01": 3898.450000000004, "02": 4134.930000000004, "03": 181.22, "04": 0, "05": 0, "06": 0, "07": 0, "08": 0, "09": 0, "10": 0, "11": 0, "12": 0}