{"01": 44818.59999999993, "02": 41196.340000000055, "03": 2383.9500000000016, "04": 0, "05": 0, "06": 0, "07": 0, "08": 0, "09": 0, "10": 0, "11": 0, "12": 0}