{"01": 122009.1299999996, "02": 127111.54000000014, "03": 6913.36, "04": 0, "05": 0, "06": 0, "07": 0, "08": 0, "09": 0, "10": 0, "11": 0, "12": 0}