{"01": 995.9500000000003, "02": 1043.2000000000003, "03": 98.32000000000001, "04": 0, "05": 0, "06": 0, "07": 0, "08": 0, "09": 0, "10": 0, "11": 0, "12": 0}