{"01": 628995.1800000145, "02": 604205.9700000157, "03": 33239.09000000008, "04": 0, "05": 0, "06": 0, "07": 0, "08": 0, "09": 0, "10": 0, "11": 0, "12": 0}