{"01": 5480.949999999998, "02": 5068.9900000000025, "03": 376.4700000000001, "04": 0, "05": 0, "06": 0, "07": 0, "08": 0, "09": 0, "10": 0, "11": 0, "12": 0}