{"01": 5532.800000000006, "02": 5221.250000000003, "03": 265.71999999999997, "04": 0, "05": 0, "06": 0, "07": 0, "08": 0, "09": 0, "10": 0, "11": 0, "12": 0}