{"01": 185985.11999999656, "02": 170152.7399999958, "03": 8841.629999999983, "04": 0, "05": 0, "06": 0, "07": 0, "08": 0, "09": 0, "10": 0, "11": 0, "12": 0}