{"01": 7741.02999999997, "02": 7765.819999999977, "03": 515.93, "04": 0, "05": 0, "06": 0, "07": 0, "08": 0, "09": 0, "10": 0, "11": 0, "12": 0}