{"01": 40588.470000000554, "02": 36166.27000000064, "03": 2124.350000000002, "04": 0, "05": 0, "06": 0, "07": 0, "08": 0, "09": 0, "10": 0, "11": 0, "12": 0}