{"01": 40050.86999999972, "02": 40836.4299999998, "03": 2891.459999999999, "04": 0, "05": 0, "06": 0, "07": 0, "08": 0, "09": 0, "10": 0, "11": 0, "12": 0}