{"01": 15499.609999999884, "02": 16491.869999999875, "03": 1135.0600000000002, "04": 0, "05": 0, "06": 0, "07": 0, "08": 0, "09": 0, "10": 0, "11": 0, "12": 0}