{"01": 37707.06000000048, "02": 38654.31000000041, "03": 2363.6500000000015, "04": 0, "05": 0, "06": 0, "07": 0, "08": 0, "09": 0, "10": 0, "11": 0, "12": 0}