{"01": 1981.4600000000014, "02": 1901.9900000000023, "03": 242.96000000000006, "04": 0, "05": 0, "06": 0, "07": 0, "08": 0, "09": 0, "10": 0, "11": 0, "12": 0}