{"01": 25793.790000000517, "02": 29747.55000000079, "03": 1901.550000000003, "04": 0, "05": 0, "06": 0, "07": 0, "08": 0, "09": 0, "10": 0, "11": 0, "12": 0}