{"01": 34735.480000000396, "02": 36793.200000000536, "03": 2256.230000000003, "04": 0, "05": 0, "06": 0, "07": 0, "08": 0, "09": 0, "10": 0, "11": 0, "12": 0}