{"01": 7921.649999999985, "02": 9722.35999999997, "03": 1053.4199999999996, "04": 0, "05": 0, "06": 0, "07": 0, "08": 0, "09": 0, "10": 0, "11": 0, "12": 0}