{"01": 8319.189999999944, "02": 6768.5499999999665, "03": 384.40000000000003, "04": 0, "05": 0, "06": 0, "07": 0, "08": 0, "09": 0, "10": 0, "11": 0, "12": 0}