{"01": 20435.31000000015, "02": 20133.230000000123, "03": 1002.5999999999993, "04": 0, "05": 0, "06": 0, "07": 0, "08": 0, "09": 0, "10": 0, "11": 0, "12": 0}