{"01": 6222.549999999998, "02": 6064.83, "03": 440.98999999999995, "04": 0, "05": 0, "06": 0, "07": 0, "08": 0, "09": 0, "10": 0, "11": 0, "12": 0}