{"01": 250137.5699999736, "02": 241987.76999998896, "03": 12747.98999999997, "04": 0, "05": 0, "06": 0, "07": 0, "08": 0, "09": 0, "10": 0, "11": 0, "12": 0}