{"01": 14927.049999999794, "02": 14497.299999999772, "03": 585.1599999999995, "04": 0, "05": 0, "06": 0, "07": 0, "08": 0, "09": 0, "10": 0, "11": 0, "12": 0}