{"01": 2653.909999999999, "02": 3586.659999999998, "03": 330.72, "04": 0, "05": 0, "06": 0, "07": 0, "08": 0, "09": 0, "10": 0, "11": 0, "12": 0}