{"01": 51061.120000001356, "02": 48081.030000001214, "03": 2094.5900000000015, "04": 0, "05": 0, "06": 0, "07": 0, "08": 0, "09": 0, "10": 0, "11": 0, "12": 0}