{"01": 16942.940000000024, "02": 10715.919999999938, "03": 614.5099999999996, "04": 0, "05": 0, "06": 0, "07": 0, "08": 0, "09": 0, "10": 0, "11": 0, "12": 0}