{"01": 46258.55000000176, "02": 61035.260000002985, "03": 3625.0300000000016, "04": 0, "05": 0, "06": 0, "07": 0, "08": 0, "09": 0, "10": 0, "11": 0, "12": 0}