{"01": 60053.65000000214, "02": 62117.80000000278, "03": 2390.3400000000033, "04": 0, "05": 0, "06": 0, "07": 0, "08": 0, "09": 0, "10": 0, "11": 0, "12": 0}