{"01": 783375.7000004189, "02": 757267.6100003502, "03": 39094.80000000061, "04": 0, "05": 0, "06": 0, "07": 0, "08": 0, "09": 0, "10": 0, "11": 0, "12": 0}