{"01": 28263.60000000032, "02": 28313.7000000001, "03": 1689.8699999999997, "04": 0, "05": 0, "06": 0, "07": 0, "08": 0, "09": 0, "10": 0, "11": 0, "12": 0}