{"01": 20461.079999999743, "02": 20718.579999999944, "03": 839.0999999999993, "04": 0, "05": 0, "06": 0, "07": 0, "08": 0, "09": 0, "10": 0, "11": 0, "12": 0}