{"01": 243632.45999995674, "02": 258650.05999995515, "03": 13255.339999999882, "04": 0, "05": 0, "06": 0, "07": 0, "08": 0, "09": 0, "10": 0, "11": 0, "12": 0}