{"01": 260338.659999999, "02": 239703.83000000028, "03": 12494.360000000004, "04": 0, "05": 0, "06": 0, "07": 0, "08": 0, "09": 0, "10": 0, "11": 0, "12": 0}