{"01": 221447.8299999828, "02": 194058.23999998515, "03": 9850.759999999975, "04": 0, "05": 0, "06": 0, "07": 0, "08": 0, "09": 0, "10": 0, "11": 0, "12": 0}