{"01": 59648.21000000344, "02": 58053.3400000039, "03": 2937.0300000000107, "04": 0, "05": 0, "06": 0, "07": 0, "08": 0, "09": 0, "10": 0, "11": 0, "12": 0}