{"01": 638.2799999999997, "02": 1282.6800000000005, "03": 128.92000000000002, "04": 0, "05": 0, "06": 0, "07": 0, "08": 0, "09": 0, "10": 0, "11": 0, "12": 0}