{"01": 42017.37000000103, "02": 40991.79000000094, "03": 1934.6800000000026, "04": 0, "05": 0, "06": 0, "07": 0, "08": 0, "09": 0, "10": 0, "11": 0, "12": 0}