{"01": 322950.5199999974, "02": 303458.2499999996, "03": 15734.339999999993, "04": 0, "05": 0, "06": 0, "07": 0, "08": 0, "09": 0, "10": 0, "11": 0, "12": 0}