{"01": 89543.00999999548, "02": 79529.63999999942, "03": 4753.810000000004, "04": 0, "05": 0, "06": 0, "07": 0, "08": 0, "09": 0, "10": 0, "11": 0, "12": 0}