{"01": 16373.159999999994, "02": 20640.860000000215, "03": 870.5599999999994, "04": 0, "05": 0, "06": 0, "07": 0, "08": 0, "09": 0, "10": 0, "11": 0, "12": 0}