{"01": 86215.76000000034, "02": 92921.89999999876, "03": 5479.749999999997, "04": 0, "05": 0, "06": 0, "07": 0, "08": 0, "09": 0, "10": 0, "11": 0, "12": 0}