{"01": 97178.7799999992, "02": 98473.55999999848, "03": 5987.019999999991, "04": 0, "05": 0, "06": 0, "07": 0, "08": 0, "09": 0, "10": 0, "11": 0, "12": 0}