{"01": 9118.959999999986, "02": 9544.559999999969, "03": 882.7199999999999, "04": 0, "05": 0, "06": 0, "07": 0, "08": 0, "09": 0, "10": 0, "11": 0, "12": 0}