{"01": 167983.13999998767, "02": 176020.63999998398, "03": 9342.829999999945, "04": 0, "05": 0, "06": 0, "07": 0, "08": 0, "09": 0, "10": 0, "11": 0, "12": 0}