{"01": 649861.100000117, "02": 681741.5000001235, "03": 44289.1800000004, "04": 0, "05": 0, "06": 0, "07": 0, "08": 0, "09": 0, "10": 0, "11": 0, "12": 0}