{"01": 20628.66000000006, "02": 25776.359999999997, "03": 1519.6700000000005, "04": 0, "05": 0, "06": 0, "07": 0, "08": 0, "09": 0, "10": 0, "11": 0, "12": 0}