{"01": 19264.210000000003, "02": 17280.34999999987, "03": 994.1099999999993, "04": 0, "05": 0, "06": 0, "07": 0, "08": 0, "09": 0, "10": 0, "11": 0, "12": 0}