{"01": 279894.6399999651, "02": 273149.55999996775, "03": 14755.60999999988, "04": 0, "05": 0, "06": 0, "07": 0, "08": 0, "09": 0, "10": 0, "11": 0, "12": 0}