{"01": 23924.719999999783, "02": 21219.41999999974, "03": 1054.1299999999992, "04": 0, "05": 0, "06": 0, "07": 0, "08": 0, "09": 0, "10": 0, "11": 0, "12": 0}