{"01": 121896.13000000075, "02": 126273.63000000025, "03": 6829.429999999998, "04": 0, "05": 0, "06": 0, "07": 0, "08": 0, "09": 0, "10": 0, "11": 0, "12": 0}