{"01": 58290.60999999956, "02": 53954.66000000015, "03": 2609.630000000001, "04": 0, "05": 0, "06": 0, "07": 0, "08": 0, "09": 0, "10": 0, "11": 0, "12": 0}