{"01": 4556.500000000009, "02": 5734.729999999997, "03": 196.55000000000004, "04": 0, "05": 0, "06": 0, "07": 0, "08": 0, "09": 0, "10": 0, "11": 0, "12": 0}