{"01": 46194.87000000131, "02": 41328.880000001096, "03": 1708.4600000000014, "04": 0, "05": 0, "06": 0, "07": 0, "08": 0, "09": 0, "10": 0, "11": 0, "12": 0}