{"01": 37053.77000000011, "02": 37746.79000000019, "03": 1815.8200000000008, "04": 0, "05": 0, "06": 0, "07": 0, "08": 0, "09": 0, "10": 0, "11": 0, "12": 0}