{"01": 1195.0800000000008, "02": 1189.1200000000003, "03": 59.28, "04": 0, "05": 0, "06": 0, "07": 0, "08": 0, "09": 0, "10": 0, "11": 0, "12": 0}