{"01": 312278.3199999931, "02": 315471.7699999937, "03": 16989.669999999933, "04": 0, "05": 0, "06": 0, "07": 0, "08": 0, "09": 0, "10": 0, "11": 0, "12": 0}