{"01": 19080.98000000007, "02": 20179.92000000009, "03": 1524.7500000000007, "04": 0, "05": 0, "06": 0, "07": 0, "08": 0, "09": 0, "10": 0, "11": 0, "12": 0}