{"01": 63682.63000000213, "02": 60936.41000000272, "03": 2907.5100000000048, "04": 0, "05": 0, "06": 0, "07": 0, "08": 0, "09": 0, "10": 0, "11": 0, "12": 0}