{"01": 15481.03999999999, "02": 15313.839999999982, "03": 862.05, "04": 0, "05": 0, "06": 0, "07": 0, "08": 0, "09": 0, "10": 0, "11": 0, "12": 0}