{"01": 98019.32000000021, "02": 96217.57000000078, "03": 4777.660000000005, "04": 0, "05": 0, "06": 0, "07": 0, "08": 0, "09": 0, "10": 0, "11": 0, "12": 0}