{"01": 282399.56999998435, "02": 297737.4499999823, "03": 16388.49999999992, "04": 0, "05": 0, "06": 0, "07": 0, "08": 0, "09": 0, "10": 0, "11": 0, "12": 0}