{"01": 64330.71000000062, "02": 61430.73000000055, "03": 3699.940000000002, "04": 0, "05": 0, "06": 0, "07": 0, "08": 0, "09": 0, "10": 0, "11": 0, "12": 0}