{"01": 14457.359999999971, "02": 15046.809999999981, "03": 671.4799999999999, "04": 0, "05": 0, "06": 0, "07": 0, "08": 0, "09": 0, "10": 0, "11": 0, "12": 0}