{"01": 211472.04999999682, "02": 205142.43999999558, "03": 11919.819999999963, "04": 0, "05": 0, "06": 0, "07": 0, "08": 0, "09": 0, "10": 0, "11": 0, "12": 0}