{"01": 374790.8500000097, "02": 316589.09999998496, "03": 16832.619999999908, "04": 0, "05": 0, "06": 0, "07": 0, "08": 0, "09": 0, "10": 0, "11": 0, "12": 0}