{"01": 337401.8700000033, "02": 285276.8499999848, "03": 15017.989999999956, "04": 0, "05": 0, "06": 0, "07": 0, "08": 0, "09": 0, "10": 0, "11": 0, "12": 0}