{"01": 63344.64000000097, "02": 54651.48000000066, "03": 2860.2500000000023, "04": 0, "05": 0, "06": 0, "07": 0, "08": 0, "09": 0, "10": 0, "11": 0, "12": 0}