{"01": 6847.5699999999915, "02": 4396.220000000002, "03": 285.66, "04": 0, "05": 0, "06": 0, "07": 0, "08": 0, "09": 0, "10": 0, "11": 0, "12": 0}