{"01": 75503.1100000004, "02": 75133.00000000007, "03": 3969.7700000000073, "04": 0, "05": 0, "06": 0, "07": 0, "08": 0, "09": 0, "10": 0, "11": 0, "12": 0}