{"01": 346204.25000002113, "02": 350028.0300000243, "03": 19071.249999999993, "04": 0, "05": 0, "06": 0, "07": 0, "08": 0, "09": 0, "10": 0, "11": 0, "12": 0}