{"01": 22613.020000000222, "02": 21987.41000000022, "03": 1382.0100000000011, "04": 0, "05": 0, "06": 0, "07": 0, "08": 0, "09": 0, "10": 0, "11": 0, "12": 0}