{"01": 181070.7499999776, "02": 174798.37999997986, "03": 9161.229999999965, "04": 0, "05": 0, "06": 0, "07": 0, "08": 0, "09": 0, "10": 0, "11": 0, "12": 0}