{"01": 14761.479999999981, "02": 14372.760000000006, "03": 864.1299999999999, "04": 0, "05": 0, "06": 0, "07": 0, "08": 0, "09": 0, "10": 0, "11": 0, "12": 0}