{"01": 116164.89999999425, "02": 122669.75999999263, "03": 7315.609999999973, "04": 0, "05": 0, "06": 0, "07": 0, "08": 0, "09": 0, "10": 0, "11": 0, "12": 0}