{"01": 27214.05000000033, "02": 25864.68000000029, "03": 1570.1200000000013, "04": 0, "05": 0, "06": 0, "07": 0, "08": 0, "09": 0, "10": 0, "11": 0, "12": 0}