{"01": 109899.35999999565, "02": 124332.87999998708, "03": 6683.229999999959, "04": 0, "05": 0, "06": 0, "07": 0, "08": 0, "09": 0, "10": 0, "11": 0, "12": 0}