{"01": 264900.82999998296, "02": 257328.4499999736, "03": 13338.0499999999, "04": 0, "05": 0, "06": 0, "07": 0, "08": 0, "09": 0, "10": 0, "11": 0, "12": 0}