{"01": 89185.65999999749, "02": 92480.90999999837, "03": 4850.089999999999, "04": 0, "05": 0, "06": 0, "07": 0, "08": 0, "09": 0, "10": 0, "11": 0, "12": 0}