{"01": 15115.679999999596, "02": 17441.709999999573, "03": 926.7499999999985, "04": 0, "05": 0, "06": 0, "07": 0, "08": 0, "09": 0, "10": 0, "11": 0, "12": 0}