{"01": 278297.6999999709, "02": 299320.9999999701, "03": 17295.02999999995, "04": 0, "05": 0, "06": 0, "07": 0, "08": 0, "09": 0, "10": 0, "11": 0, "12": 0}