{"01": 177423.17999998629, "02": 119978.19999999502, "03": 5029.7999999999965, "04": 0, "05": 0, "06": 0, "07": 0, "08": 0, "09": 0, "10": 0, "11": 0, "12": 0}