{"01": 224739.36999996254, "02": 192494.58999996906, "03": 9768.179999999933, "04": 0, "05": 0, "06": 0, "07": 0, "08": 0, "09": 0, "10": 0, "11": 0, "12": 0}