{"01": 70090.93000000135, "02": 66019.20000000246, "03": 3275.2900000000045, "04": 0, "05": 0, "06": 0, "07": 0, "08": 0, "09": 0, "10": 0, "11": 0, "12": 0}