{"01": 47020.8400000006, "02": 46391.170000000726, "03": 2845.080000000002, "04": 0, "05": 0, "06": 0, "07": 0, "08": 0, "09": 0, "10": 0, "11": 0, "12": 0}