{"01": 12749.009999999951, "02": 11557.909999999958, "03": 632.1500000000001, "04": 0, "05": 0, "06": 0, "07": 0, "08": 0, "09": 0, "10": 0, "11": 0, "12": 0}