{"01": 122638.89999998675, "02": 124435.97999998624, "03": 5940.189999999987, "04": 0, "05": 0, "06": 0, "07": 0, "08": 0, "09": 0, "10": 0, "11": 0, "12": 0}