{"01": 7105.649999999886, "02": 6662.159999999908, "03": 302.07, "04": 0, "05": 0, "06": 0, "07": 0, "08": 0, "09": 0, "10": 0, "11": 0, "12": 0}