{"01": 65936.62000000311, "02": 65423.1500000033, "03": 3296.9800000000128, "04": 0, "05": 0, "06": 0, "07": 0, "08": 0, "09": 0, "10": 0, "11": 0, "12": 0}