{"01": 192231.75999997146, "02": 189191.4699999729, "03": 9831.29999999994, "04": 0, "05": 0, "06": 0, "07": 0, "08": 0, "09": 0, "10": 0, "11": 0, "12": 0}