{"01": 366595.0099999779, "02": 359967.05999997683, "03": 17627.36999999988, "04": 0, "05": 0, "06": 0, "07": 0, "08": 0, "09": 0, "10": 0, "11": 0, "12": 0}