{"01": 423047.080000046, "02": 406128.10000004014, "03": 22488.33000000007, "04": 0, "05": 0, "06": 0, "07": 0, "08": 0, "09": 0, "10": 0, "11": 0, "12": 0}