{"01": 282479.21999999153, "02": 300154.2099999913, "03": 15193.449999999899, "04": 0, "05": 0, "06": 0, "07": 0, "08": 0, "09": 0, "10": 0, "11": 0, "12": 0}