{"01": 359751.5800000442, "02": 340213.28000001714, "03": 15997.959999999883, "04": 0, "05": 0, "06": 0, "07": 0, "08": 0, "09": 0, "10": 0, "11": 0, "12": 0}