{"01": 219477.499999989, "02": 228744.63999997338, "03": 11621.69999999993, "04": 0, "05": 0, "06": 0, "07": 0, "08": 0, "09": 0, "10": 0, "11": 0, "12": 0}