{"01": 105117.33999999533, "02": 102217.88999999578, "03": 6163.579999999974, "04": 0, "05": 0, "06": 0, "07": 0, "08": 0, "09": 0, "10": 0, "11": 0, "12": 0}