{"01": 383548.03000004776, "02": 402506.64000002143, "03": 21895.630000000016, "04": 0, "05": 0, "06": 0, "07": 0, "08": 0, "09": 0, "10": 0, "11": 0, "12": 0}