{"01": 249644.14999998105, "02": 270855.7899999797, "03": 16630.92999999992, "04": 0, "05": 0, "06": 0, "07": 0, "08": 0, "09": 0, "10": 0, "11": 0, "12": 0}