{"01": 21862.309999999918, "02": 18531.639999999825, "03": 995.139999999999, "04": 0, "05": 0, "06": 0, "07": 0, "08": 0, "09": 0, "10": 0, "11": 0, "12": 0}