{"01": 395759.6900000238, "02": 394488.43000002747, "03": 22398.540000000023, "04": 0, "05": 0, "06": 0, "07": 0, "08": 0, "09": 0, "10": 0, "11": 0, "12": 0}