{"01": 14446.129999999892, "02": 10688.489999999938, "03": 677.7399999999999, "04": 0, "05": 0, "06": 0, "07": 0, "08": 0, "09": 0, "10": 0, "11": 0, "12": 0}