{"01": 228852.02999998565, "02": 246269.82999998218, "03": 15291.099999999902, "04": 0, "05": 0, "06": 0, "07": 0, "08": 0, "09": 0, "10": 0, "11": 0, "12": 0}