{"01": 40414.19000000085, "02": 41763.250000001, "03": 2478.880000000002, "04": 0, "05": 0, "06": 0, "07": 0, "08": 0, "09": 0, "10": 0, "11": 0, "12": 0}