{"01": 5101.739999999998, "02": 3881.57000000001, "03": 165.20000000000002, "04": 0, "05": 0, "06": 0, "07": 0, "08": 0, "09": 0, "10": 0, "11": 0, "12": 0}