{"01": 2911.399999999997, "02": 3385.4999999999945, "03": 236.27, "04": 0, "05": 0, "06": 0, "07": 0, "08": 0, "09": 0, "10": 0, "11": 0, "12": 0}