{"01": 21948.449999999983, "02": 28385.940000000264, "03": 2161.250000000002, "04": 0, "05": 0, "06": 0, "07": 0, "08": 0, "09": 0, "10": 0, "11": 0, "12": 0}