{"01": 449591.2700000715, "02": 481009.1900000842, "03": 22986.98000000013, "04": 0, "05": 0, "06": 0, "07": 0, "08": 0, "09": 0, "10": 0, "11": 0, "12": 0}