{"01": 429263.5300001144, "02": 408136.220000085, "03": 23889.26000000029, "04": 0, "05": 0, "06": 0, "07": 0, "08": 0, "09": 0, "10": 0, "11": 0, "12": 0}