{"01": 289397.40999999305, "02": 291897.43000000087, "03": 15566.979999999901, "04": 0, "05": 0, "06": 0, "07": 0, "08": 0, "09": 0, "10": 0, "11": 0, "12": 0}