{"01": 355944.8400000351, "02": 339204.13000000594, "03": 16443.719999999892, "04": 0, "05": 0, "06": 0, "07": 0, "08": 0, "09": 0, "10": 0, "11": 0, "12": 0}