{"01": 522144.1100001781, "02": 491375.2100001226, "03": 28756.33000000041, "04": 0, "05": 0, "06": 0, "07": 0, "08": 0, "09": 0, "10": 0, "11": 0, "12": 0}