{"01": 11373.169999999871, "02": 12065.379999999885, "03": 552.6299999999999, "04": 0, "05": 0, "06": 0, "07": 0, "08": 0, "09": 0, "10": 0, "11": 0, "12": 0}