{"01": 51697.940000000584, "02": 48562.880000000805, "03": 2208.6700000000014, "04": 0, "05": 0, "06": 0, "07": 0, "08": 0, "09": 0, "10": 0, "11": 0, "12": 0}