{"01": 89471.22999999906, "02": 84900.63999999904, "03": 3694.440000000003, "04": 0, "05": 0, "06": 0, "07": 0, "08": 0, "09": 0, "10": 0, "11": 0, "12": 0}