{"01": 44416.3200000006, "02": 45348.90000000086, "03": 2214.8600000000024, "04": 0, "05": 0, "06": 0, "07": 0, "08": 0, "09": 0, "10": 0, "11": 0, "12": 0}