{"01": 5378.130000000004, "02": 5943.589999999995, "03": 316.32000000000005, "04": 0, "05": 0, "06": 0, "07": 0, "08": 0, "09": 0, "10": 0, "11": 0, "12": 0}