{"01": 105210.83000000042, "02": 111262.55000000009, "03": 5734.650000000008, "04": 0, "05": 0, "06": 0, "07": 0, "08": 0, "09": 0, "10": 0, "11": 0, "12": 0}