{"01": 25787.550000000076, "02": 21208.47000000006, "03": 1022.3699999999995, "04": 0, "05": 0, "06": 0, "07": 0, "08": 0, "09": 0, "10": 0, "11": 0, "12": 0}