{"01": 42903.26000000063, "02": 39143.21000000049, "03": 1868.8100000000004, "04": 0, "05": 0, "06": 0, "07": 0, "08": 0, "09": 0, "10": 0, "11": 0, "12": 0}