{"01": 43928.590000000135, "02": 42021.6700000003, "03": 2080.6100000000006, "04": 0, "05": 0, "06": 0, "07": 0, "08": 0, "09": 0, "10": 0, "11": 0, "12": 0}