{"01": 48469.5900000005, "02": 46706.49000000037, "03": 2128.2000000000016, "04": 0, "05": 0, "06": 0, "07": 0, "08": 0, "09": 0, "10": 0, "11": 0, "12": 0}