{"01": 11837.090000000057, "02": 7219.539999999991, "03": 253.88, "04": 0, "05": 0, "06": 0, "07": 0, "08": 0, "09": 0, "10": 0, "11": 0, "12": 0}