{"01": 127179.02999999339, "02": 99285.38999999678, "03": 4167.120000000008, "04": 0, "05": 0, "06": 0, "07": 0, "08": 0, "09": 0, "10": 0, "11": 0, "12": 0}