{"01": 144720.65999998592, "02": 100950.29999999474, "03": 4490.979999999998, "04": 0, "05": 0, "06": 0, "07": 0, "08": 0, "09": 0, "10": 0, "11": 0, "12": 0}