{"01": 161173.19999999634, "02": 151021.35999999763, "03": 6879.539999999983, "04": 0, "05": 0, "06": 0, "07": 0, "08": 0, "09": 0, "10": 0, "11": 0, "12": 0}