{"01": 27052.860000000124, "02": 30956.850000000264, "03": 1094.5399999999995, "04": 0, "05": 0, "06": 0, "07": 0, "08": 0, "09": 0, "10": 0, "11": 0, "12": 0}