{"01": 11243.639999999823, "02": 10556.339999999867, "03": 511.21000000000004, "04": 0, "05": 0, "06": 0, "07": 0, "08": 0, "09": 0, "10": 0, "11": 0, "12": 0}