{"01": 478324.0900000507, "02": 491410.66000006965, "03": 27880.650000000038, "04": 0, "05": 0, "06": 0, "07": 0, "08": 0, "09": 0, "10": 0, "11": 0, "12": 0}