{"01": 109170.34999999525, "02": 98424.73999999507, "03": 5523.389999999999, "04": 0, "05": 0, "06": 0, "07": 0, "08": 0, "09": 0, "10": 0, "11": 0, "12": 0}