{"01": 52442.830000001726, "02": 50350.330000002104, "03": 2410.4800000000027, "04": 0, "05": 0, "06": 0, "07": 0, "08": 0, "09": 0, "10": 0, "11": 0, "12": 0}