{"01": 30120.880000000314, "02": 28304.470000000267, "03": 1412.3800000000015, "04": 0, "05": 0, "06": 0, "07": 0, "08": 0, "09": 0, "10": 0, "11": 0, "12": 0}