{"01": 281017.8499999993, "02": 274131.46999999956, "03": 14785.740000000013, "04": 0, "05": 0, "06": 0, "07": 0, "08": 0, "09": 0, "10": 0, "11": 0, "12": 0}