{"01": 749010.2300000171, "02": 756310.0000000319, "03": 42329.96000000017, "04": 0, "05": 0, "06": 0, "07": 0, "08": 0, "09": 0, "10": 0, "11": 0, "12": 0}