{"01": 139073.49999999712, "02": 170746.06999999558, "03": 5540.98999999999, "04": 0, "05": 0, "06": 0, "07": 0, "08": 0, "09": 0, "10": 0, "11": 0, "12": 0}