{"01": 7417.169999999961, "02": 6606.219999999983, "03": 480.40999999999997, "04": 0, "05": 0, "06": 0, "07": 0, "08": 0, "09": 0, "10": 0, "11": 0, "12": 0}