{"01": 18043.080000000013, "02": 17258.949999999975, "03": 921.3399999999998, "04": 0, "05": 0, "06": 0, "07": 0, "08": 0, "09": 0, "10": 0, "11": 0, "12": 0}