{"01": 35592.030000001476, "02": 31971.960000001065, "03": 2320.250000000004, "04": 0, "05": 0, "06": 0, "07": 0, "08": 0, "09": 0, "10": 0, "11": 0, "12": 0}