{"01": 10136.109999999991, "02": 9882.959999999997, "03": 449.1800000000001, "04": 0, "05": 0, "06": 0, "07": 0, "08": 0, "09": 0, "10": 0, "11": 0, "12": 0}