{"01": 29325.010000000326, "02": 31988.200000000477, "03": 1921.9700000000034, "04": 0, "05": 0, "06": 0, "07": 0, "08": 0, "09": 0, "10": 0, "11": 0, "12": 0}