{"01": 4667.350000000007, "02": 5522.390000000007, "03": 256.87, "04": 0, "05": 0, "06": 0, "07": 0, "08": 0, "09": 0, "10": 0, "11": 0, "12": 0}