{"01": 88716.47999999892, "02": 85000.18999999906, "03": 4477.910000000003, "04": 0, "05": 0, "06": 0, "07": 0, "08": 0, "09": 0, "10": 0, "11": 0, "12": 0}