{"01": 1484.4000000000003, "02": 1711.6399999999999, "03": 49.9, "04": 0, "05": 0, "06": 0, "07": 0, "08": 0, "09": 0, "10": 0, "11": 0, "12": 0}