{"01": 195186.76999996154, "02": 189353.57999996332, "03": 10887.059999999876, "04": 0, "05": 0, "06": 0, "07": 0, "08": 0, "09": 0, "10": 0, "11": 0, "12": 0}