{"01": 88383.59999999752, "02": 75782.54000000069, "03": 1568.830000000001, "04": 0, "05": 0, "06": 0, "07": 0, "08": 0, "09": 0, "10": 0, "11": 0, "12": 0}