{"01": 138373.67000000388, "02": 130493.77000000016, "03": 6081.119999999954, "04": 0, "05": 0, "06": 0, "07": 0, "08": 0, "09": 0, "10": 0, "11": 0, "12": 0}