{"01": 399628.3800000458, "02": 399137.1400000432, "03": 23142.950000000095, "04": 0, "05": 0, "06": 0, "07": 0, "08": 0, "09": 0, "10": 0, "11": 0, "12": 0}