{"01": 306967.72999999643, "02": 311012.1899999956, "03": 18172.319999999974, "04": 0, "05": 0, "06": 0, "07": 0, "08": 0, "09": 0, "10": 0, "11": 0, "12": 0}