{"01": 80860.16000000003, "02": 71429.85000000028, "03": 3841.500000000006, "04": 0, "05": 0, "06": 0, "07": 0, "08": 0, "09": 0, "10": 0, "11": 0, "12": 0}