{"01": 475092.2200001448, "02": 471787.24000014085, "03": 28758.350000000573, "04": 0, "05": 0, "06": 0, "07": 0, "08": 0, "09": 0, "10": 0, "11": 0, "12": 0}