{"01": 171435.11999998754, "02": 181755.19999998578, "03": 10790.15999999995, "04": 0, "05": 0, "06": 0, "07": 0, "08": 0, "09": 0, "10": 0, "11": 0, "12": 0}