{"01": 278293.6099999772, "02": 321365.7100000091, "03": 22720.040000000212, "04": 0, "05": 0, "06": 0, "07": 0, "08": 0, "09": 0, "10": 0, "11": 0, "12": 0}