{"01": 40670.29000000032, "02": 42477.10000000027, "03": 2783.830000000001, "04": 0, "05": 0, "06": 0, "07": 0, "08": 0, "09": 0, "10": 0, "11": 0, "12": 0}