{"01": 333944.45000001113, "02": 335477.300000017, "03": 17966.89999999993, "04": 0, "05": 0, "06": 0, "07": 0, "08": 0, "09": 0, "10": 0, "11": 0, "12": 0}