{"01": 326122.0399999961, "02": 318808.2899999974, "03": 19248.129999999986, "04": 0, "05": 0, "06": 0, "07": 0, "08": 0, "09": 0, "10": 0, "11": 0, "12": 0}