{"01": 22156.000000000004, "02": 23000.249999999927, "03": 1118.6200000000001, "04": 0, "05": 0, "06": 0, "07": 0, "08": 0, "09": 0, "10": 0, "11": 0, "12": 0}