{"01": 97502.8699999996, "02": 103516.57999999923, "03": 5658.419999999998, "04": 0, "05": 0, "06": 0, "07": 0, "08": 0, "09": 0, "10": 0, "11": 0, "12": 0}