{"01": 1509.3000000000006, "02": 2348.980000000001, "03": 122.80000000000001, "04": 0, "05": 0, "06": 0, "07": 0, "08": 0, "09": 0, "10": 0, "11": 0, "12": 0}