{"01": 9312.029999999952, "02": 8274.459999999975, "03": 819.3099999999996, "04": 0, "05": 0, "06": 0, "07": 0, "08": 0, "09": 0, "10": 0, "11": 0, "12": 0}