{"01": 4969.250000000002, "02": 5227.850000000002, "03": 392.3400000000001, "04": 0, "05": 0, "06": 0, "07": 0, "08": 0, "09": 0, "10": 0, "11": 0, "12": 0}