{"01": 208603.18999997037, "02": 202835.32999997394, "03": 8823.539999999935, "04": 0, "05": 0, "06": 0, "07": 0, "08": 0, "09": 0, "10": 0, "11": 0, "12": 0}