{"01": 301837.61999999726, "02": 289574.62999998085, "03": 14679.839999999895, "04": 0, "05": 0, "06": 0, "07": 0, "08": 0, "09": 0, "10": 0, "11": 0, "12": 0}