{"01": 83129.52999999968, "02": 78820.49999999985, "03": 3857.4600000000078, "04": 0, "05": 0, "06": 0, "07": 0, "08": 0, "09": 0, "10": 0, "11": 0, "12": 0}