{"01": 19450.1699999999, "02": 17350.0699999999, "03": 1051.0799999999995, "04": 0, "05": 0, "06": 0, "07": 0, "08": 0, "09": 0, "10": 0, "11": 0, "12": 0}