{"01": 38742.78000000079, "02": 35472.46000000084, "03": 1642.8400000000015, "04": 0, "05": 0, "06": 0, "07": 0, "08": 0, "09": 0, "10": 0, "11": 0, "12": 0}