{"01": 223794.3399999833, "02": 194906.1599999882, "03": 10657.12999999997, "04": 0, "05": 0, "06": 0, "07": 0, "08": 0, "09": 0, "10": 0, "11": 0, "12": 0}