{"01": 184847.18999998306, "02": 186855.38999998022, "03": 9606.859999999939, "04": 0, "05": 0, "06": 0, "07": 0, "08": 0, "09": 0, "10": 0, "11": 0, "12": 0}