{"01": 435809.369999899, "02": 463997.77999989357, "03": 27598.94999999946, "04": 0, "05": 0, "06": 0, "07": 0, "08": 0, "09": 0, "10": 0, "11": 0, "12": 0}