{"01": 491009.309999993, "02": 512103.1900000022, "03": 29440.49999999997, "04": 0, "05": 0, "06": 0, "07": 0, "08": 0, "09": 0, "10": 0, "11": 0, "12": 0}