{"01": 23646.150000000256, "02": 24001.74000000031, "03": 1262.4799999999998, "04": 0, "05": 0, "06": 0, "07": 0, "08": 0, "09": 0, "10": 0, "11": 0, "12": 0}