{"01": 415524.3399999705, "02": 416888.84999998054, "03": 24627.379999999892, "04": 0, "05": 0, "06": 0, "07": 0, "08": 0, "09": 0, "10": 0, "11": 0, "12": 0}