{"01": 162621.229999988, "02": 161392.7299999812, "03": 7900.669999999966, "04": 0, "05": 0, "06": 0, "07": 0, "08": 0, "09": 0, "10": 0, "11": 0, "12": 0}