{"01": 66562.94000000281, "02": 64682.07000000301, "03": 3069.760000000005, "04": 0, "05": 0, "06": 0, "07": 0, "08": 0, "09": 0, "10": 0, "11": 0, "12": 0}