{"01": 3343.1700000000005, "02": 3885.7099999999996, "03": 298.00000000000006, "04": 0, "05": 0, "06": 0, "07": 0, "08": 0, "09": 0, "10": 0, "11": 0, "12": 0}