{"01": 367382.73000000435, "02": 395614.4200000084, "03": 25186.050000000083, "04": 0, "05": 0, "06": 0, "07": 0, "08": 0, "09": 0, "10": 0, "11": 0, "12": 0}