{"01": 27657.040000000303, "02": 26433.77000000046, "03": 1295.0199999999995, "04": 0, "05": 0, "06": 0, "07": 0, "08": 0, "09": 0, "10": 0, "11": 0, "12": 0}