{"01": 7603.08999999999, "02": 9235.519999999988, "03": 596.0799999999999, "04": 0, "05": 0, "06": 0, "07": 0, "08": 0, "09": 0, "10": 0, "11": 0, "12": 0}