{"01": 65975.93999999833, "02": 70207.71999999824, "03": 4828.879999999994, "04": 0, "05": 0, "06": 0, "07": 0, "08": 0, "09": 0, "10": 0, "11": 0, "12": 0}