{"01": 1108898.0599997793, "02": 1189679.5599998967, "03": 76334.46000000014, "04": 0, "05": 0, "06": 0, "07": 0, "08": 0, "09": 0, "10": 0, "11": 0, "12": 0}