{"01": 154001.7200000059, "02": 167925.07000001404, "03": 10222.130000000077, "04": 0, "05": 0, "06": 0, "07": 0, "08": 0, "09": 0, "10": 0, "11": 0, "12": 0}