{"01": 146645.3799999835, "02": 153893.69999998197, "03": 8932.619999999935, "04": 0, "05": 0, "06": 0, "07": 0, "08": 0, "09": 0, "10": 0, "11": 0, "12": 0}