{"01": 461680.8900000989, "02": 502772.740000138, "03": 28698.920000000555, "04": 0, "05": 0, "06": 0, "07": 0, "08": 0, "09": 0, "10": 0, "11": 0, "12": 0}