{"01": 301378.8200000079, "02": 332485.34000000573, "03": 19740.280000000064, "04": 0, "05": 0, "06": 0, "07": 0, "08": 0, "09": 0, "10": 0, "11": 0, "12": 0}