{"01": 104458.72999999921, "02": 101695.8600000001, "03": 5864.310000000003, "04": 0, "05": 0, "06": 0, "07": 0, "08": 0, "09": 0, "10": 0, "11": 0, "12": 0}