{"01": 120665.46999999369, "02": 116134.06999999343, "03": 6593.279999999989, "04": 0, "05": 0, "06": 0, "07": 0, "08": 0, "09": 0, "10": 0, "11": 0, "12": 0}