{"01": 120864.0399999962, "02": 116504.06999999694, "03": 6115.399999999997, "04": 0, "05": 0, "06": 0, "07": 0, "08": 0, "09": 0, "10": 0, "11": 0, "12": 0}