{"01": 21114.490000000038, "02": 25260.75999999986, "03": 2279.429999999998, "04": 0, "05": 0, "06": 0, "07": 0, "08": 0, "09": 0, "10": 0, "11": 0, "12": 0}