{"01": 4117.620000000008, "02": 5346.079999999996, "03": 293.81000000000006, "04": 0, "05": 0, "06": 0, "07": 0, "08": 0, "09": 0, "10": 0, "11": 0, "12": 0}