{"01": 2557.6399999999967, "02": 2817.9499999999935, "03": 218.85999999999996, "04": 0, "05": 0, "06": 0, "07": 0, "08": 0, "09": 0, "10": 0, "11": 0, "12": 0}