{"01": 164178.96999998795, "02": 156819.1399999884, "03": 7472.139999999978, "04": 0, "05": 0, "06": 0, "07": 0, "08": 0, "09": 0, "10": 0, "11": 0, "12": 0}