{"01": 88172.27999999949, "02": 88005.28999999992, "03": 5175.370000000002, "04": 0, "05": 0, "06": 0, "07": 0, "08": 0, "09": 0, "10": 0, "11": 0, "12": 0}