{"01": 371092.2700000299, "02": 374944.69000003074, "03": 20560.050000000007, "04": 0, "05": 0, "06": 0, "07": 0, "08": 0, "09": 0, "10": 0, "11": 0, "12": 0}