{"01": 44972.450000001474, "02": 43114.230000001335, "03": 2353.9600000000046, "04": 0, "05": 0, "06": 0, "07": 0, "08": 0, "09": 0, "10": 0, "11": 0, "12": 0}