{"01": 17144.989999999852, "02": 18750.71999999985, "03": 1490.8200000000006, "04": 0, "05": 0, "06": 0, "07": 0, "08": 0, "09": 0, "10": 0, "11": 0, "12": 0}