{"01": 844.0800000000007, "02": 976.2700000000006, "03": 60.370000000000005, "04": 0, "05": 0, "06": 0, "07": 0, "08": 0, "09": 0, "10": 0, "11": 0, "12": 0}