{"01": 42043.910000000884, "02": 5342.239999999996, "03": 221.85000000000002, "04": 0, "05": 0, "06": 0, "07": 0, "08": 0, "09": 0, "10": 0, "11": 0, "12": 0}