{"01": 38438.38000000076, "02": 38983.090000000746, "03": 2040.370000000002, "04": 0, "05": 0, "06": 0, "07": 0, "08": 0, "09": 0, "10": 0, "11": 0, "12": 0}