{"01": 84397.59000010774, "02": 86964.33000012684, "03": 2737.050000000387, "04": 0, "05": 0, "06": 0, "07": 0, "08": 0, "09": 0, "10": 0, "11": 0, "12": 0}