{"01": -1787.3900000000538, "02": -2574.919999999976, "03": -220.53000000000003, "04": 0, "05": 0, "06": 0, "07": 0, "08": 0, "09": 0, "10": 0, "11": 0, "12": 0}