{"01": 10067664.600040933, "02": 9490468.66003655, "03": 452496.3800000966, "04": 0, "05": 0, "06": 0, "07": 0, "08": 0, "09": 0, "10": 0, "11": 0, "12": 0}