{"01": 832.6799999999994, "02": 7019.140000000006, "03": 992.0800000000003, "04": 0, "05": 0, "06": 0, "07": 0, "08": 0, "09": 0, "10": 0, "11": 0, "12": 0}