{"01": 2846.6900000000005, "02": 1421.3500000000001, "03": 143.55, "04": 0, "05": 0, "06": 0, "07": 0, "08": 0, "09": 0, "10": 0, "11": 0, "12": 0}