{"01": 3057.5299999999997, "02": 2710.8699999999994, "03": 291.15, "04": 0, "05": 0, "06": 0, "07": 0, "08": 0, "09": 0, "10": 0, "11": 0, "12": 0}