{"01": 2646.8499999999995, "02": 4548.099999999999, "03": 320.66999999999996, "04": 0, "05": 0, "06": 0, "07": 0, "08": 0, "09": 0, "10": 0, "11": 0, "12": 0}