{"01": 3910.890000000001, "02": 2170.5899999999997, "03": 404.1, "04": 0, "05": 0, "06": 0, "07": 0, "08": 0, "09": 0, "10": 0, "11": 0, "12": 0}