{"01": 491.55000000000007, "02": 944.2400000000001, "03": 0, "04": 0, "05": 0, "06": 0, "07": 0, "08": 0, "09": 0, "10": 0, "11": 0, "12": 0}