{"01": 7896.469999999996, "02": 10307.829999999993, "03": 342.46, "04": 0, "05": 0, "06": 0, "07": 0, "08": 0, "09": 0, "10": 0, "11": 0, "12": 0}