{"01": 3513.6499999999983, "02": 4210.769999999998, "03": 259.53000000000003, "04": 0, "05": 0, "06": 0, "07": 0, "08": 0, "09": 0, "10": 0, "11": 0, "12": 0}