{"01": 1047.6199999999997, "02": 885.8299999999998, "03": 0, "04": 0, "05": 0, "06": 0, "07": 0, "08": 0, "09": 0, "10": 0, "11": 0, "12": 0}