{"01": 4251.209999999997, "02": 4298.099999999997, "03": 214.73999999999998, "04": 0, "05": 0, "06": 0, "07": 0, "08": 0, "09": 0, "10": 0, "11": 0, "12": 0}