{"01": 5417.809999999999, "02": 4540.489999999998, "03": 507.18000000000006, "04": 0, "05": 0, "06": 0, "07": 0, "08": 0, "09": 0, "10": 0, "11": 0, "12": 0}