{"01": 440.29999999999995, "02": 459.2099999999999, "03": 0, "04": 0, "05": 0, "06": 0, "07": 0, "08": 0, "09": 0, "10": 0, "11": 0, "12": 0}