{"01": 1398.2500000000002, "02": 1025.1599999999999, "03": 80.91, "04": 0, "05": 0, "06": 0, "07": 0, "08": 0, "09": 0, "10": 0, "11": 0, "12": 0}