{"01": 1324.12, "02": 2518.9499999999994, "03": 189.89999999999998, "04": 0, "05": 0, "06": 0, "07": 0, "08": 0, "09": 0, "10": 0, "11": 0, "12": 0}