{"01": 1386.5500000000002, "02": 1686.0700000000002, "03": 0, "04": 0, "05": 0, "06": 0, "07": 0, "08": 0, "09": 0, "10": 0, "11": 0, "12": 0}