{"01": 2097.760000000002, "02": 2042.410000000002, "03": 300.13, "04": 0, "05": 0, "06": 0, "07": 0, "08": 0, "09": 0, "10": 0, "11": 0, "12": 0}