{"01": 484.64999999999986, "02": 1010.0600000000001, "03": 47.599999999999994, "04": 0, "05": 0, "06": 0, "07": 0, "08": 0, "09": 0, "10": 0, "11": 0, "12": 0}