{"01": 2482.280000000001, "02": 2946.9200000000033, "03": 174.42, "04": 0, "05": 0, "06": 0, "07": 0, "08": 0, "09": 0, "10": 0, "11": 0, "12": 0}