{"01": 3176.779999999999, "02": 4029.769999999998, "03": 245.64, "04": 0, "05": 0, "06": 0, "07": 0, "08": 0, "09": 0, "10": 0, "11": 0, "12": 0}