{"01": 1220.6999999999998, "02": 1284.3899999999999, "03": 0, "04": 0, "05": 0, "06": 0, "07": 0, "08": 0, "09": 0, "10": 0, "11": 0, "12": 0}