{"01": 2141.1400000000012, "02": 1838.0499999999995, "03": 53.93, "04": 0, "05": 0, "06": 0, "07": 0, "08": 0, "09": 0, "10": 0, "11": 0, "12": 0}