{"01": 2452.6199999999985, "02": 1625.7700000000004, "03": 124.2, "04": 0, "05": 0, "06": 0, "07": 0, "08": 0, "09": 0, "10": 0, "11": 0, "12": 0}