{"01": 1800.8100000000002, "02": 1648.2000000000003, "03": 107.46, "04": 0, "05": 0, "06": 0, "07": 0, "08": 0, "09": 0, "10": 0, "11": 0, "12": 0}