{"01": 1124.1199999999994, "02": 828.4199999999997, "03": 29.9, "04": 0, "05": 0, "06": 0, "07": 0, "08": 0, "09": 0, "10": 0, "11": 0, "12": 0}