{"01": 1985.5800000000006, "02": 2040.7200000000007, "03": 0, "04": 0, "05": 0, "06": 0, "07": 0, "08": 0, "09": 0, "10": 0, "11": 0, "12": 0}