{"01": 1834.0000000000005, "02": 1586.6700000000005, "03": 216.64999999999998, "04": 0, "05": 0, "06": 0, "07": 0, "08": 0, "09": 0, "10": 0, "11": 0, "12": 0}