{"01": 6557.819999999999, "02": 5398.819999999999, "03": 207.72, "04": 0, "05": 0, "06": 0, "07": 0, "08": 0, "09": 0, "10": 0, "11": 0, "12": 0}