{"01": 2333.5900000000006, "02": 3429.889999999999, "03": 415.35, "04": 0, "05": 0, "06": 0, "07": 0, "08": 0, "09": 0, "10": 0, "11": 0, "12": 0}