{"01": 10561.439999999975, "02": 10568.319999999972, "03": 613.6299999999999, "04": 0, "05": 0, "06": 0, "07": 0, "08": 0, "09": 0, "10": 0, "11": 0, "12": 0}