{"01": 1501.4400000000003, "02": 1812.8400000000001, "03": 71.91, "04": 0, "05": 0, "06": 0, "07": 0, "08": 0, "09": 0, "10": 0, "11": 0, "12": 0}