{"01": 235.48999999999995, "02": 243.00000000000003, "03": 31.41, "04": 0, "05": 0, "06": 0, "07": 0, "08": 0, "09": 0, "10": 0, "11": 0, "12": 0}