{"01": 1570.3900000000003, "02": 1043.7199999999998, "03": 118.26000000000002, "04": 0, "05": 0, "06": 0, "07": 0, "08": 0, "09": 0, "10": 0, "11": 0, "12": 0}