{"01": 157.36999999999998, "02": 95.03999999999999, "03": 56.81, "04": 0, "05": 0, "06": 0, "07": 0, "08": 0, "09": 0, "10": 0, "11": 0, "12": 0}