{"01": 7483.039999999999, "02": 5890.719999999999, "03": 67.41, "04": 0, "05": 0, "06": 0, "07": 0, "08": 0, "09": 0, "10": 0, "11": 0, "12": 0}