{"01": 73.07000000000001, "02": 109.80000000000001, "03": 0, "04": 0, "05": 0, "06": 0, "07": 0, "08": 0, "09": 0, "10": 0, "11": 0, "12": 0}