{"01": 1215.8399999999997, "02": 1575.33, "03": 50.629999999999995, "04": 0, "05": 0, "06": 0, "07": 0, "08": 0, "09": 0, "10": 0, "11": 0, "12": 0}