{"01": 528.8299999999999, "02": 1122.1000000000001, "03": 26.33, "04": 0, "05": 0, "06": 0, "07": 0, "08": 0, "09": 0, "10": 0, "11": 0, "12": 0}