{"01": 4348.649999999998, "02": 3384.0199999999977, "03": 376.47, "04": 0, "05": 0, "06": 0, "07": 0, "08": 0, "09": 0, "10": 0, "11": 0, "12": 0}