{"01": 8998.549999999997, "02": 9108.019999999997, "03": 655.56, "04": 0, "05": 0, "06": 0, "07": 0, "08": 0, "09": 0, "10": 0, "11": 0, "12": 0}