{"01": 1122.7799999999997, "02": 936.2999999999996, "03": 40.41, "04": 0, "05": 0, "06": 0, "07": 0, "08": 0, "09": 0, "10": 0, "11": 0, "12": 0}