{"01": 1877.7100000000012, "02": 1364.8700000000003, "03": 143.82, "04": 0, "05": 0, "06": 0, "07": 0, "08": 0, "09": 0, "10": 0, "11": 0, "12": 0}