{"01": 1071.0400000000004, "02": 1118.2000000000003, "03": 16.30000000000001, "04": 0, "05": 0, "06": 0, "07": 0, "08": 0, "09": 0, "10": 0, "11": 0, "12": 0}