{"01": 537.5899999999998, "02": 456.29999999999995, "03": 71.82, "04": 0, "05": 0, "06": 0, "07": 0, "08": 0, "09": 0, "10": 0, "11": 0, "12": 0}