{"01": 12834.639999999981, "02": 11404.020000000008, "03": 569.98, "04": 0, "05": 0, "06": 0, "07": 0, "08": 0, "09": 0, "10": 0, "11": 0, "12": 0}