{"01": 3820.2999999999997, "02": 3651.1800000000007, "03": 83.61, "04": 0, "05": 0, "06": 0, "07": 0, "08": 0, "09": 0, "10": 0, "11": 0, "12": 0}