{"01": 10093.749999999996, "02": 6881.509999999997, "03": 371.44, "04": 0, "05": 0, "06": 0, "07": 0, "08": 0, "09": 0, "10": 0, "11": 0, "12": 0}