{"01": 4072.3200000000015, "02": 3412.880000000003, "03": 71.78, "04": 0, "05": 0, "06": 0, "07": 0, "08": 0, "09": 0, "10": 0, "11": 0, "12": 0}