{"01": 200858.09000000183, "02": 201265.4000000024, "03": 10614.709999999994, "04": 0, "05": 0, "06": 0, "07": 0, "08": 0, "09": 0, "10": 0, "11": 0, "12": 0}