{"01": 817.5199999999998, "02": 511.8299999999998, "03": 71.82, "04": 0, "05": 0, "06": 0, "07": 0, "08": 0, "09": 0, "10": 0, "11": 0, "12": 0}