{"01": 145639.3300000001, "02": 146067.17999999895, "03": 6678.319999999994, "04": 0, "05": 0, "06": 0, "07": 0, "08": 0, "09": 0, "10": 0, "11": 0, "12": 0}