{"01": 387316.5000000307, "02": 381938.88000004797, "03": 22713.830000000253, "04": 0, "05": 0, "06": 0, "07": 0, "08": 0, "09": 0, "10": 0, "11": 0, "12": 0}