{"01": 631943.5900000954, "02": 591957.7100000343, "03": 28173.28999999991, "04": 0, "05": 0, "06": 0, "07": 0, "08": 0, "09": 0, "10": 0, "11": 0, "12": 0}