{"01": 605945.620000148, "02": 621038.5700001159, "03": 33921.350000000755, "04": 0, "05": 0, "06": 0, "07": 0, "08": 0, "09": 0, "10": 0, "11": 0, "12": 0}