{"01": 278832.26999999577, "02": 260939.299999987, "03": 13878.189999999955, "04": 0, "05": 0, "06": 0, "07": 0, "08": 0, "09": 0, "10": 0, "11": 0, "12": 0}