{"01": 95799.30999999912, "02": 98717.66999999835, "03": 5413.259999999989, "04": 0, "05": 0, "06": 0, "07": 0, "08": 0, "09": 0, "10": 0, "11": 0, "12": 0}