{"01": 348147.2800000238, "02": 331740.0800000038, "03": 17042.210000000003, "04": 0, "05": 0, "06": 0, "07": 0, "08": 0, "09": 0, "10": 0, "11": 0, "12": 0}