{"01": 462606.0700000583, "02": 455896.8100000529, "03": 24200.34000000009, "04": 0, "05": 0, "06": 0, "07": 0, "08": 0, "09": 0, "10": 0, "11": 0, "12": 0}