{"01": 752612.2100001178, "02": 704648.0500001033, "03": 36671.700000000346, "04": 0, "05": 0, "06": 0, "07": 0, "08": 0, "09": 0, "10": 0, "11": 0, "12": 0}