{"01": 916632.1499992157, "02": 886657.869999301, "03": 48760.550000000934, "04": 0, "05": 0, "06": 0, "07": 0, "08": 0, "09": 0, "10": 0, "11": 0, "12": 0}