{"01": 15660.129999999936, "02": 16683.37999999995, "03": 1200.79, "04": 0, "05": 0, "06": 0, "07": 0, "08": 0, "09": 0, "10": 0, "11": 0, "12": 0}