{"01": 100636.43999999591, "02": 101214.86999999582, "03": 6107.349999999985, "04": 0, "05": 0, "06": 0, "07": 0, "08": 0, "09": 0, "10": 0, "11": 0, "12": 0}