{"01": 36182.97999999942, "02": 36271.83999999947, "03": 1819.8100000000068, "04": 0, "05": 0, "06": 0, "07": 0, "08": 0, "09": 0, "10": 0, "11": 0, "12": 0}