{"01": 10604.989999999812, "02": 9181.779999999913, "03": 679.6199999999992, "04": 0, "05": 0, "06": 0, "07": 0, "08": 0, "09": 0, "10": 0, "11": 0, "12": 0}