{"01": 53292.0400000019, "02": 49993.64000000164, "03": 2523.930000000002, "04": 0, "05": 0, "06": 0, "07": 0, "08": 0, "09": 0, "10": 0, "11": 0, "12": 0}