{"01": 317298.4300000165, "02": 306854.90000000974, "03": 15880.789999999903, "04": 0, "05": 0, "06": 0, "07": 0, "08": 0, "09": 0, "10": 0, "11": 0, "12": 0}