{"01": 592162.1300001539, "02": 577405.7200001206, "03": 27796.100000000308, "04": 0, "05": 0, "06": 0, "07": 0, "08": 0, "09": 0, "10": 0, "11": 0, "12": 0}