{"01": 892077.74000023, "02": 877400.1400002611, "03": 43053.62000000052, "04": 0, "05": 0, "06": 0, "07": 0, "08": 0, "09": 0, "10": 0, "11": 0, "12": 0}