{"01": 72670.18000000202, "02": 74828.79000000133, "03": 3694.3800000000083, "04": 0, "05": 0, "06": 0, "07": 0, "08": 0, "09": 0, "10": 0, "11": 0, "12": 0}