{"01": 1429201.7500000296, "02": 1413155.2399999606, "03": 75531.55999999987, "04": 0, "05": 0, "06": 0, "07": 0, "08": 0, "09": 0, "10": 0, "11": 0, "12": 0}