{"01": 214434.5599999615, "02": 214197.19999996293, "03": 10059.900000000012, "04": 0, "05": 0, "06": 0, "07": 0, "08": 0, "09": 0, "10": 0, "11": 0, "12": 0}