{"01": 465148.3799999007, "02": 452964.0199999212, "03": 19309.53000000026, "04": 0, "05": 0, "06": 0, "07": 0, "08": 0, "09": 0, "10": 0, "11": 0, "12": 0}