{"01": 6777.229999999974, "02": 6220.929999999976, "03": 255.05000000000004, "04": 0, "05": 0, "06": 0, "07": 0, "08": 0, "09": 0, "10": 0, "11": 0, "12": 0}