{"01": 59429.190000000504, "02": 57975.480000000665, "03": 2264.219999999999, "04": 0, "05": 0, "06": 0, "07": 0, "08": 0, "09": 0, "10": 0, "11": 0, "12": 0}