{"01": 134115.73999998622, "02": 137211.3799999868, "03": 7685.779999999958, "04": 0, "05": 0, "06": 0, "07": 0, "08": 0, "09": 0, "10": 0, "11": 0, "12": 0}