{"01": 349501.54000001436, "02": 356517.36000001663, "03": 19825.560000000118, "04": 0, "05": 0, "06": 0, "07": 0, "08": 0, "09": 0, "10": 0, "11": 0, "12": 0}