{"01": 217826.59999998237, "02": 216933.93999998207, "03": 12094.40999999994, "04": 0, "05": 0, "06": 0, "07": 0, "08": 0, "09": 0, "10": 0, "11": 0, "12": 0}