{"01": 41219.84000000037, "02": 39694.270000000164, "03": 2605.039999999999, "04": 0, "05": 0, "06": 0, "07": 0, "08": 0, "09": 0, "10": 0, "11": 0, "12": 0}