{"01": 42538.66999999998, "02": 58499.919999999984, "03": 4460.949999999996, "04": 0, "05": 0, "06": 0, "07": 0, "08": 0, "09": 0, "10": 0, "11": 0, "12": 0}