{"01": 66109.41000000188, "02": 88603.8100000006, "03": 5656.420000000008, "04": 0, "05": 0, "06": 0, "07": 0, "08": 0, "09": 0, "10": 0, "11": 0, "12": 0}