{"01": 43114.460000001134, "02": 36843.81000000073, "03": 1974.1900000000016, "04": 0, "05": 0, "06": 0, "07": 0, "08": 0, "09": 0, "10": 0, "11": 0, "12": 0}