{"01": 753200.1000003464, "02": 727762.2100002641, "03": 37003.40999999961, "04": 0, "05": 0, "06": 0, "07": 0, "08": 0, "09": 0, "10": 0, "11": 0, "12": 0}