{"01": 235682.4499999676, "02": 227953.91999996974, "03": 12620.099999999915, "04": 0, "05": 0, "06": 0, "07": 0, "08": 0, "09": 0, "10": 0, "11": 0, "12": 0}