{"01": 208232.8599999781, "02": 200704.87999997832, "03": 12691.489999999892, "04": 0, "05": 0, "06": 0, "07": 0, "08": 0, "09": 0, "10": 0, "11": 0, "12": 0}