{"01": 147262.48999998765, "02": 139835.6099999891, "03": 7367.18999999997, "04": 0, "05": 0, "06": 0, "07": 0, "08": 0, "09": 0, "10": 0, "11": 0, "12": 0}