{"01": 58565.69000000322, "02": 56449.40000000289, "03": 2752.1600000000067, "04": 0, "05": 0, "06": 0, "07": 0, "08": 0, "09": 0, "10": 0, "11": 0, "12": 0}