{"01": 2417.1700000000064, "02": 2288.590000000005, "03": 129.12, "04": 0, "05": 0, "06": 0, "07": 0, "08": 0, "09": 0, "10": 0, "11": 0, "12": 0}