{"01": 5334.9999999999845, "02": 4515.220000000009, "03": 262.18000000000006, "04": 0, "05": 0, "06": 0, "07": 0, "08": 0, "09": 0, "10": 0, "11": 0, "12": 0}