{"01": 119634.46999999402, "02": 95439.43999999961, "03": 3935.860000000009, "04": 0, "05": 0, "06": 0, "07": 0, "08": 0, "09": 0, "10": 0, "11": 0, "12": 0}