{"01": 1557.1499999999987, "02": 1428.9899999999996, "03": 95.98, "04": 0, "05": 0, "06": 0, "07": 0, "08": 0, "09": 0, "10": 0, "11": 0, "12": 0}