{"01": 191647.50999998336, "02": 189249.8399999834, "03": 9380.679999999951, "04": 0, "05": 0, "06": 0, "07": 0, "08": 0, "09": 0, "10": 0, "11": 0, "12": 0}