{"01": 18220.619999999944, "02": 16955.78999999992, "03": 870.5699999999998, "04": 0, "05": 0, "06": 0, "07": 0, "08": 0, "09": 0, "10": 0, "11": 0, "12": 0}