{"01": 121704.1600000082, "02": 112882.56000000823, "03": 5806.600000000018, "04": 0, "05": 0, "06": 0, "07": 0, "08": 0, "09": 0, "10": 0, "11": 0, "12": 0}