{"01": 27221.640000000785, "02": 31535.440000000064, "03": 2149.0899999999974, "04": 0, "05": 0, "06": 0, "07": 0, "08": 0, "09": 0, "10": 0, "11": 0, "12": 0}