{"01": 98345.70000000017, "02": 91870.85999999991, "03": 4654.75, "04": 0, "05": 0, "06": 0, "07": 0, "08": 0, "09": 0, "10": 0, "11": 0, "12": 0}