{"01": 1814.0500000000015, "02": 1130.1199999999994, "03": 20.8, "04": 0, "05": 0, "06": 0, "07": 0, "08": 0, "09": 0, "10": 0, "11": 0, "12": 0}