{"01": 4596.720000000001, "02": 3919.930000000005, "03": 235.13000000000002, "04": 0, "05": 0, "06": 0, "07": 0, "08": 0, "09": 0, "10": 0, "11": 0, "12": 0}