{"01": 19975.800000000014, "02": 17541.90999999994, "03": 710.2699999999998, "04": 0, "05": 0, "06": 0, "07": 0, "08": 0, "09": 0, "10": 0, "11": 0, "12": 0}