{"01": 972.0799999999999, "02": 1306.1799999999996, "03": 89.14999999999999, "04": 0, "05": 0, "06": 0, "07": 0, "08": 0, "09": 0, "10": 0, "11": 0, "12": 0}