{"01": 231837.05000000045, "02": 224350.45000000013, "03": 12857.240000000005, "04": 0, "05": 0, "06": 0, "07": 0, "08": 0, "09": 0, "10": 0, "11": 0, "12": 0}