{"01": 33905.669999999984, "02": 32371.090000000044, "03": 1580.9899999999996, "04": 0, "05": 0, "06": 0, "07": 0, "08": 0, "09": 0, "10": 0, "11": 0, "12": 0}