{"01": 20278.539999999997, "02": 18164.460000000006, "03": 1067.9099999999999, "04": 0, "05": 0, "06": 0, "07": 0, "08": 0, "09": 0, "10": 0, "11": 0, "12": 0}