{"01": 6348.020000000011, "02": 6383.770000000014, "03": 339.21999999999997, "04": 0, "05": 0, "06": 0, "07": 0, "08": 0, "09": 0, "10": 0, "11": 0, "12": 0}