{"01": 498500.24000012287, "02": 442312.93000009446, "03": 23936.000000000244, "04": 0, "05": 0, "06": 0, "07": 0, "08": 0, "09": 0, "10": 0, "11": 0, "12": 0}