{"01": 299940.6999999993, "02": 295242.4199999989, "03": 15243.409999999989, "04": 0, "05": 0, "06": 0, "07": 0, "08": 0, "09": 0, "10": 0, "11": 0, "12": 0}