{"01": 149460.3700000001, "02": 140455.38999999966, "03": 7774.039999999996, "04": 0, "05": 0, "06": 0, "07": 0, "08": 0, "09": 0, "10": 0, "11": 0, "12": 0}