{"01": 39019.53000000001, "02": 39240.78000000004, "03": 2593.6, "04": 0, "05": 0, "06": 0, "07": 0, "08": 0, "09": 0, "10": 0, "11": 0, "12": 0}