{"01": 121511.84000000045, "02": 124362.32000000015, "03": 6501.460000000002, "04": 0, "05": 0, "06": 0, "07": 0, "08": 0, "09": 0, "10": 0, "11": 0, "12": 0}