{"01": 231924.87999999968, "02": 218018.23000000056, "03": 10563.390000000003, "04": 0, "05": 0, "06": 0, "07": 0, "08": 0, "09": 0, "10": 0, "11": 0, "12": 0}