{"01": 15530.750000000011, "02": 15817.710000000014, "03": 872.23, "04": 0, "05": 0, "06": 0, "07": 0, "08": 0, "09": 0, "10": 0, "11": 0, "12": 0}