{"01": 638502.84999999, "02": 652832.359999989, "03": 39077.80000000006, "04": 0, "05": 0, "06": 0, "07": 0, "08": 0, "09": 0, "10": 0, "11": 0, "12": 0}