{"01": 175634.66999999864, "02": 185212.44999999966, "03": 11242.19000000001, "04": 0, "05": 0, "06": 0, "07": 0, "08": 0, "09": 0, "10": 0, "11": 0, "12": 0}