{"01": 107404.90000000008, "02": 96907.06999999993, "03": 6428.289999999995, "04": 0, "05": 0, "06": 0, "07": 0, "08": 0, "09": 0, "10": 0, "11": 0, "12": 0}