{"01": 272215.6399999992, "02": 263912.2099999974, "03": 12677.259999999998, "04": 0, "05": 0, "06": 0, "07": 0, "08": 0, "09": 0, "10": 0, "11": 0, "12": 0}