{"01": 9949.699999999993, "02": 11592.989999999996, "03": 573.6, "04": 0, "05": 0, "06": 0, "07": 0, "08": 0, "09": 0, "10": 0, "11": 0, "12": 0}