{"01": 62542.429999999804, "02": 70353.49999999997, "03": 3458.549999999999, "04": 0, "05": 0, "06": 0, "07": 0, "08": 0, "09": 0, "10": 0, "11": 0, "12": 0}