{"01": 57235.5000000003, "02": 57016.850000000355, "03": 3624.1199999999985, "04": 0, "05": 0, "06": 0, "07": 0, "08": 0, "09": 0, "10": 0, "11": 0, "12": 0}