{"01": 7721.819999999996, "02": 8249.520000000004, "03": 381.0, "04": 0, "05": 0, "06": 0, "07": 0, "08": 0, "09": 0, "10": 0, "11": 0, "12": 0}