{"01": 15864.789999999994, "02": 13510.59999999998, "03": 499.02000000000004, "04": 0, "05": 0, "06": 0, "07": 0, "08": 0, "09": 0, "10": 0, "11": 0, "12": 0}