{"01": 15284.610000000019, "02": 17569.830000000013, "03": 718.4999999999999, "04": 0, "05": 0, "06": 0, "07": 0, "08": 0, "09": 0, "10": 0, "11": 0, "12": 0}