{"01": 151970.44999999966, "02": 129611.6699999994, "03": 5943.040000000001, "04": 0, "05": 0, "06": 0, "07": 0, "08": 0, "09": 0, "10": 0, "11": 0, "12": 0}