{"01": 22762.44000000001, "02": 23009.499999999967, "03": 1189.92, "04": 0, "05": 0, "06": 0, "07": 0, "08": 0, "09": 0, "10": 0, "11": 0, "12": 0}