{"01": 144710.34999999724, "02": 145360.4599999972, "03": 8295.279999999997, "04": 0, "05": 0, "06": 0, "07": 0, "08": 0, "09": 0, "10": 0, "11": 0, "12": 0}