{"01": 48581.20000000032, "02": 45354.49000000013, "03": 2293.3400000000006, "04": 0, "05": 0, "06": 0, "07": 0, "08": 0, "09": 0, "10": 0, "11": 0, "12": 0}