{"01": 401996.24999999563, "02": 352570.2899999964, "03": 19958.739999999976, "04": 0, "05": 0, "06": 0, "07": 0, "08": 0, "09": 0, "10": 0, "11": 0, "12": 0}