{"01": 79664.73999999982, "02": 76956.4500000001, "03": 4539.9000000000015, "04": 0, "05": 0, "06": 0, "07": 0, "08": 0, "09": 0, "10": 0, "11": 0, "12": 0}