{"01": 72815.10000000046, "02": 74722.1599999995, "03": 4746.210000000005, "04": 0, "05": 0, "06": 0, "07": 0, "08": 0, "09": 0, "10": 0, "11": 0, "12": 0}