{"01": 39883.70000000006, "02": 49238.14000000001, "03": 2700.52, "04": 0, "05": 0, "06": 0, "07": 0, "08": 0, "09": 0, "10": 0, "11": 0, "12": 0}