{"01": 105536.33000000013, "02": 101829.59000000087, "03": 5177.44, "04": 0, "05": 0, "06": 0, "07": 0, "08": 0, "09": 0, "10": 0, "11": 0, "12": 0}