{"01": 492589.6399999984, "02": 476369.08000000217, "03": 24050.48000000001, "04": 0, "05": 0, "06": 0, "07": 0, "08": 0, "09": 0, "10": 0, "11": 0, "12": 0}