{"01": 652986.1699999969, "02": 628136.3699999995, "03": 40450.289999999964, "04": 0, "05": 0, "06": 0, "07": 0, "08": 0, "09": 0, "10": 0, "11": 0, "12": 0}