{"01": 6464.780000000001, "02": 6409.250000000002, "03": 174.14000000000001, "04": 0, "05": 0, "06": 0, "07": 0, "08": 0, "09": 0, "10": 0, "11": 0, "12": 0}