{"01": 34536.69999999996, "02": 10417.899999999954, "03": 426.04, "04": 0, "05": 0, "06": 0, "07": 0, "08": 0, "09": 0, "10": 0, "11": 0, "12": 0}