{"01": 5764.739999999999, "02": 7248.340000000005, "03": 604.2199999999999, "04": 0, "05": 0, "06": 0, "07": 0, "08": 0, "09": 0, "10": 0, "11": 0, "12": 0}