{"01": 57780.169999999925, "02": 58977.81000000007, "03": 3123.0200000000023, "04": 0, "05": 0, "06": 0, "07": 0, "08": 0, "09": 0, "10": 0, "11": 0, "12": 0}