{"01": 8986.039999999992, "02": 8253.349999999999, "03": 416.94000000000005, "04": 0, "05": 0, "06": 0, "07": 0, "08": 0, "09": 0, "10": 0, "11": 0, "12": 0}