{"01": 649.5500000000001, "02": 687.9099999999996, "03": 68.41, "04": 0, "05": 0, "06": 0, "07": 0, "08": 0, "09": 0, "10": 0, "11": 0, "12": 0}