{"01": 5395.219999999999, "02": 4510.440000000003, "03": 227.69999999999996, "04": 0, "05": 0, "06": 0, "07": 0, "08": 0, "09": 0, "10": 0, "11": 0, "12": 0}