{"01": 11031.329999999994, "02": 10312.100000000002, "03": 274.86, "04": 0, "05": 0, "06": 0, "07": 0, "08": 0, "09": 0, "10": 0, "11": 0, "12": 0}