{"01": 452074.39999999624, "02": 451856.83999999746, "03": 22121.270000000026, "04": 0, "05": 0, "06": 0, "07": 0, "08": 0, "09": 0, "10": 0, "11": 0, "12": 0}