{"01": 163014.25999999372, "02": 165994.60999999213, "03": 9207.929999999982, "04": 0, "05": 0, "06": 0, "07": 0, "08": 0, "09": 0, "10": 0, "11": 0, "12": 0}