{"01": 35249.63999999995, "02": 35361.689999999966, "03": 1760.8500000000004, "04": 0, "05": 0, "06": 0, "07": 0, "08": 0, "09": 0, "10": 0, "11": 0, "12": 0}