{"01": 13066.939999999937, "02": 9909.469999999937, "03": 1933.6300000000003, "04": 0, "05": 0, "06": 0, "07": 0, "08": 0, "09": 0, "10": 0, "11": 0, "12": 0}