{"01": 26542.460000000076, "02": 29422.740000000078, "03": 2422.2600000000007, "04": 0, "05": 0, "06": 0, "07": 0, "08": 0, "09": 0, "10": 0, "11": 0, "12": 0}