{"01": 3644.3300000000013, "02": 3110.439999999999, "03": 159.91, "04": 0, "05": 0, "06": 0, "07": 0, "08": 0, "09": 0, "10": 0, "11": 0, "12": 0}