{"01": 36932.19000000017, "02": 32313.890000000116, "03": 1952.060000000001, "04": 0, "05": 0, "06": 0, "07": 0, "08": 0, "09": 0, "10": 0, "11": 0, "12": 0}