{"01": 10191.959999999986, "02": 12430.309999999996, "03": 1322.47, "04": 0, "05": 0, "06": 0, "07": 0, "08": 0, "09": 0, "10": 0, "11": 0, "12": 0}