{"01": 8274.639999999994, "02": 9266.269999999991, "03": 719.5699999999999, "04": 0, "05": 0, "06": 0, "07": 0, "08": 0, "09": 0, "10": 0, "11": 0, "12": 0}