{"01": 29586.020000000022, "02": 24676.53000000002, "03": 1536.05, "04": 0, "05": 0, "06": 0, "07": 0, "08": 0, "09": 0, "10": 0, "11": 0, "12": 0}