{"01": 16212.419999999973, "02": 13060.64999999999, "03": 1649.8400000000001, "04": 0, "05": 0, "06": 0, "07": 0, "08": 0, "09": 0, "10": 0, "11": 0, "12": 0}