{"01": 13600.430000000015, "02": 14223.089999999984, "03": 907.8799999999999, "04": 0, "05": 0, "06": 0, "07": 0, "08": 0, "09": 0, "10": 0, "11": 0, "12": 0}