{"01": 969.5099999999999, "02": 1017.4399999999999, "03": 79.92, "04": 0, "05": 0, "06": 0, "07": 0, "08": 0, "09": 0, "10": 0, "11": 0, "12": 0}