{"01": 323210.91999999114, "02": 294488.729999984, "03": 16371.949999999919, "04": 0, "05": 0, "06": 0, "07": 0, "08": 0, "09": 0, "10": 0, "11": 0, "12": 0}