{"01": 109056.379999998, "02": 129654.41999999496, "03": 7490.309999999988, "04": 0, "05": 0, "06": 0, "07": 0, "08": 0, "09": 0, "10": 0, "11": 0, "12": 0}