{"01": 48844.090000000964, "02": 49884.48000000109, "03": 2601.010000000003, "04": 0, "05": 0, "06": 0, "07": 0, "08": 0, "09": 0, "10": 0, "11": 0, "12": 0}