{"01": 68381.26000000101, "02": 68798.52000000094, "03": 4429.960000000005, "04": 0, "05": 0, "06": 0, "07": 0, "08": 0, "09": 0, "10": 0, "11": 0, "12": 0}