{"01": 25827.780000000195, "02": 23342.92000000012, "03": 1812.8000000000009, "04": 0, "05": 0, "06": 0, "07": 0, "08": 0, "09": 0, "10": 0, "11": 0, "12": 0}