{"01": 5454.33000000002, "02": 4044.1800000000176, "03": 203.58000000000004, "04": 0, "05": 0, "06": 0, "07": 0, "08": 0, "09": 0, "10": 0, "11": 0, "12": 0}