{"01": 1483.3899999999992, "02": 949.4699999999998, "03": 55.099999999999994, "04": 0, "05": 0, "06": 0, "07": 0, "08": 0, "09": 0, "10": 0, "11": 0, "12": 0}