{"01": 14313.519999999942, "02": 14853.2899999999, "03": 790.8699999999997, "04": 0, "05": 0, "06": 0, "07": 0, "08": 0, "09": 0, "10": 0, "11": 0, "12": 0}