{"01": 150215.9099999943, "02": 149255.28999999314, "03": 8331.11999999997, "04": 0, "05": 0, "06": 0, "07": 0, "08": 0, "09": 0, "10": 0, "11": 0, "12": 0}