{"01": 22958.00999999998, "02": 21041.029999999948, "03": 1005.3199999999995, "04": 0, "05": 0, "06": 0, "07": 0, "08": 0, "09": 0, "10": 0, "11": 0, "12": 0}