{"01": 19642.80000000001, "02": 17087.30999999999, "03": 1300.1899999999998, "04": 0, "05": 0, "06": 0, "07": 0, "08": 0, "09": 0, "10": 0, "11": 0, "12": 0}