{"01": 6168.0499999999965, "02": 9136.379999999997, "03": 330.21000000000004, "04": 0, "05": 0, "06": 0, "07": 0, "08": 0, "09": 0, "10": 0, "11": 0, "12": 0}