{"01": 7552.569999999992, "02": 12098.879999999983, "03": 435.4, "04": 0, "05": 0, "06": 0, "07": 0, "08": 0, "09": 0, "10": 0, "11": 0, "12": 0}