{"01": 1561.3400000000006, "02": 1540.9300000000005, "03": 0, "04": 0, "05": 0, "06": 0, "07": 0, "08": 0, "09": 0, "10": 0, "11": 0, "12": 0}