{"01": 56448.670000000595, "02": 50635.57000000071, "03": 2846.2600000000016, "04": 0, "05": 0, "06": 0, "07": 0, "08": 0, "09": 0, "10": 0, "11": 0, "12": 0}