{"01": 2324.7800000000016, "02": 1797.4300000000007, "03": 247.58000000000004, "04": 0, "05": 0, "06": 0, "07": 0, "08": 0, "09": 0, "10": 0, "11": 0, "12": 0}