{"01": 23215.83000000009, "02": 21356.63000000016, "03": 1113.2999999999997, "04": 0, "05": 0, "06": 0, "07": 0, "08": 0, "09": 0, "10": 0, "11": 0, "12": 0}