{"01": 11949.969999999992, "02": 10278.669999999991, "03": 1516.4500000000003, "04": 0, "05": 0, "06": 0, "07": 0, "08": 0, "09": 0, "10": 0, "11": 0, "12": 0}