{"01": 694.0999999999999, "02": 2432.0600000000004, "03": 149.85, "04": 0, "05": 0, "06": 0, "07": 0, "08": 0, "09": 0, "10": 0, "11": 0, "12": 0}