{"01": 3220.2899999999995, "02": 6824.6399999999985, "03": 831.49, "04": 0, "05": 0, "06": 0, "07": 0, "08": 0, "09": 0, "10": 0, "11": 0, "12": 0}