{"01": 19981.090000000007, "02": 20044.26000000001, "03": 1529.3600000000001, "04": 0, "05": 0, "06": 0, "07": 0, "08": 0, "09": 0, "10": 0, "11": 0, "12": 0}