{"01": 17453.529999999962, "02": 16874.639999999985, "03": 744.5899999999999, "04": 0, "05": 0, "06": 0, "07": 0, "08": 0, "09": 0, "10": 0, "11": 0, "12": 0}