{"01": 17817.07000000001, "02": 22492.130000000016, "03": 2506.4100000000003, "04": 0, "05": 0, "06": 0, "07": 0, "08": 0, "09": 0, "10": 0, "11": 0, "12": 0}