{"01": 16238.959999999974, "02": 13003.19999999999, "03": 1252.0200000000002, "04": 0, "05": 0, "06": 0, "07": 0, "08": 0, "09": 0, "10": 0, "11": 0, "12": 0}