{"01": 24170.370000000134, "02": 21044.82000000007, "03": 1081.1099999999997, "04": 0, "05": 0, "06": 0, "07": 0, "08": 0, "09": 0, "10": 0, "11": 0, "12": 0}