{"01": 2437.2000000000003, "02": 3141.0700000000006, "03": 164.79999999999998, "04": 0, "05": 0, "06": 0, "07": 0, "08": 0, "09": 0, "10": 0, "11": 0, "12": 0}