{"01": 1555.7400000000005, "02": 1323.8899999999999, "03": 269.55, "04": 0, "05": 0, "06": 0, "07": 0, "08": 0, "09": 0, "10": 0, "11": 0, "12": 0}