{"01": 4727.1500000000015, "02": 18936.610000000004, "03": 804.5500000000001, "04": 0, "05": 0, "06": 0, "07": 0, "08": 0, "09": 0, "10": 0, "11": 0, "12": 0}