{"01": 3491.8100000000018, "02": 3287.2900000000004, "03": 452.39, "04": 0, "05": 0, "06": 0, "07": 0, "08": 0, "09": 0, "10": 0, "11": 0, "12": 0}