{"01": 42460.78000000073, "02": 44000.410000000746, "03": 1810.0000000000011, "04": 0, "05": 0, "06": 0, "07": 0, "08": 0, "09": 0, "10": 0, "11": 0, "12": 0}