{"01": 172529.39999999735, "02": 166577.44999999594, "03": 10717.369999999979, "04": 0, "05": 0, "06": 0, "07": 0, "08": 0, "09": 0, "10": 0, "11": 0, "12": 0}