{"01": 6337.539999999993, "02": 6065.789999999994, "03": 322.71000000000004, "04": 0, "05": 0, "06": 0, "07": 0, "08": 0, "09": 0, "10": 0, "11": 0, "12": 0}