{"01": 1437.6000000000008, "02": 1629.7500000000018, "03": 35.910000000000004, "04": 0, "05": 0, "06": 0, "07": 0, "08": 0, "09": 0, "10": 0, "11": 0, "12": 0}