{"01": 8103.710000000044, "02": 5586.280000000024, "03": 147.34, "04": 0, "05": 0, "06": 0, "07": 0, "08": 0, "09": 0, "10": 0, "11": 0, "12": 0}