{"01": 2408.5400000000013, "02": 1596.2300000000027, "03": 41.699999999999996, "04": 0, "05": 0, "06": 0, "07": 0, "08": 0, "09": 0, "10": 0, "11": 0, "12": 0}