{"01": 36925.77000000045, "02": 42310.66000000029, "03": 3934.1400000000003, "04": 0, "05": 0, "06": 0, "07": 0, "08": 0, "09": 0, "10": 0, "11": 0, "12": 0}