{"01": 2802.540000000001, "02": 3823.7300000000014, "03": 319.65, "04": 0, "05": 0, "06": 0, "07": 0, "08": 0, "09": 0, "10": 0, "11": 0, "12": 0}