{"01": 5992.079999999997, "02": 3388.7800000000007, "03": 80.91, "04": 0, "05": 0, "06": 0, "07": 0, "08": 0, "09": 0, "10": 0, "11": 0, "12": 0}