{"01": 8081.019999999998, "02": 5533.4400000000005, "03": 316.15999999999997, "04": 0, "05": 0, "06": 0, "07": 0, "08": 0, "09": 0, "10": 0, "11": 0, "12": 0}