{"01": 7461.789999999977, "02": 3970.3300000000027, "03": 241.11, "04": 0, "05": 0, "06": 0, "07": 0, "08": 0, "09": 0, "10": 0, "11": 0, "12": 0}