{"01": 51964.4500000004, "02": 52480.220000001114, "03": 2752.530000000004, "04": 0, "05": 0, "06": 0, "07": 0, "08": 0, "09": 0, "10": 0, "11": 0, "12": 0}