{"01": 5595.589999999999, "02": 5133.210000000001, "03": 203.60000000000002, "04": 0, "05": 0, "06": 0, "07": 0, "08": 0, "09": 0, "10": 0, "11": 0, "12": 0}