{"01": 152091.24999998778, "02": 152594.21999998725, "03": 7619.059999999968, "04": 0, "05": 0, "06": 0, "07": 0, "08": 0, "09": 0, "10": 0, "11": 0, "12": 0}