{"01": 12622.359999999968, "02": 14954.679999999926, "03": 775.5899999999997, "04": 0, "05": 0, "06": 0, "07": 0, "08": 0, "09": 0, "10": 0, "11": 0, "12": 0}