{"01": 12450.269999999984, "02": 8895.669999999995, "03": 1073.8400000000001, "04": 0, "05": 0, "06": 0, "07": 0, "08": 0, "09": 0, "10": 0, "11": 0, "12": 0}