{"01": 11619.909999999993, "02": 12146.589999999987, "03": 843.25, "04": 0, "05": 0, "06": 0, "07": 0, "08": 0, "09": 0, "10": 0, "11": 0, "12": 0}