{"01": 192438.12999998798, "02": 198281.38999998866, "03": 10648.57999999997, "04": 0, "05": 0, "06": 0, "07": 0, "08": 0, "09": 0, "10": 0, "11": 0, "12": 0}