{"01": 8244.61999999997, "02": 38544.01000000034, "03": 2024.8300000000017, "04": 0, "05": 0, "06": 0, "07": 0, "08": 0, "09": 0, "10": 0, "11": 0, "12": 0}