{"01": 22437.180000000008, "02": 22858.67000000002, "03": 1846.6100000000001, "04": 0, "05": 0, "06": 0, "07": 0, "08": 0, "09": 0, "10": 0, "11": 0, "12": 0}