{"01": 50840.94000000099, "02": 51936.72000000085, "03": 4355.340000000005, "04": 0, "05": 0, "06": 0, "07": 0, "08": 0, "09": 0, "10": 0, "11": 0, "12": 0}