{"01": 61641.94000000134, "02": 66921.27000000225, "03": 2949.5900000000033, "04": 0, "05": 0, "06": 0, "07": 0, "08": 0, "09": 0, "10": 0, "11": 0, "12": 0}