{"01": 3823.7900000000022, "02": 3522.880000000001, "03": 155.37, "04": 0, "05": 0, "06": 0, "07": 0, "08": 0, "09": 0, "10": 0, "11": 0, "12": 0}