{"01": 1380.6200000000001, "02": 1733.2999999999997, "03": 88.97, "04": 0, "05": 0, "06": 0, "07": 0, "08": 0, "09": 0, "10": 0, "11": 0, "12": 0}