{"01": 6757.3300000000145, "02": 6428.560000000021, "03": 295.66999999999996, "04": 0, "05": 0, "06": 0, "07": 0, "08": 0, "09": 0, "10": 0, "11": 0, "12": 0}