{"01": 5431.119999999998, "02": 4567.900000000001, "03": 440.65999999999997, "04": 0, "05": 0, "06": 0, "07": 0, "08": 0, "09": 0, "10": 0, "11": 0, "12": 0}