{"01": 2316.370000000001, "02": 2205.3300000000004, "03": 216.49, "04": 0, "05": 0, "06": 0, "07": 0, "08": 0, "09": 0, "10": 0, "11": 0, "12": 0}