{"01": 8921.729999999994, "02": 6456.329999999999, "03": 819.6000000000001, "04": 0, "05": 0, "06": 0, "07": 0, "08": 0, "09": 0, "10": 0, "11": 0, "12": 0}