{"01": 914.4399999999997, "02": 1082.6300000000003, "03": 107.78, "04": 0, "05": 0, "06": 0, "07": 0, "08": 0, "09": 0, "10": 0, "11": 0, "12": 0}