{"01": 4602.470000000001, "02": 6490.180000000001, "03": 309.55, "04": 0, "05": 0, "06": 0, "07": 0, "08": 0, "09": 0, "10": 0, "11": 0, "12": 0}