{"01": 18727.52000000004, "02": 17989.86999999996, "03": 1025.0199999999998, "04": 0, "05": 0, "06": 0, "07": 0, "08": 0, "09": 0, "10": 0, "11": 0, "12": 0}