{"01": 8548.599999999991, "02": 7594.519999999978, "03": 154.66, "04": 0, "05": 0, "06": 0, "07": 0, "08": 0, "09": 0, "10": 0, "11": 0, "12": 0}