{"01": 10204.149999999976, "02": 9632.339999999986, "03": 667.76, "04": 0, "05": 0, "06": 0, "07": 0, "08": 0, "09": 0, "10": 0, "11": 0, "12": 0}