{"01": 10182.429999999931, "02": 10769.649999999932, "03": 394.31, "04": 0, "05": 0, "06": 0, "07": 0, "08": 0, "09": 0, "10": 0, "11": 0, "12": 0}