{"01": 800.7799999999999, "02": 814.5399999999998, "03": 37.83, "04": 0, "05": 0, "06": 0, "07": 0, "08": 0, "09": 0, "10": 0, "11": 0, "12": 0}