{"01": 8616.07999999997, "02": 8224.029999999997, "03": 303.14, "04": 0, "05": 0, "06": 0, "07": 0, "08": 0, "09": 0, "10": 0, "11": 0, "12": 0}