{"01": 96955.30000000072, "02": 99169.76000000077, "03": 5346.9000000000015, "04": 0, "05": 0, "06": 0, "07": 0, "08": 0, "09": 0, "10": 0, "11": 0, "12": 0}