{"01": 12005.019999999957, "02": 10738.509999999951, "03": 575.8799999999997, "04": 0, "05": 0, "06": 0, "07": 0, "08": 0, "09": 0, "10": 0, "11": 0, "12": 0}