{"01": 60497.50000000083, "02": 69800.32000000047, "03": 3809.0000000000045, "04": 0, "05": 0, "06": 0, "07": 0, "08": 0, "09": 0, "10": 0, "11": 0, "12": 0}