{"01": 80790.87000000002, "02": 82002.64000000032, "03": 4774.719999999993, "04": 0, "05": 0, "06": 0, "07": 0, "08": 0, "09": 0, "10": 0, "11": 0, "12": 0}