{"01": 4371.240000000002, "02": 4815.499999999998, "03": 265.8, "04": 0, "05": 0, "06": 0, "07": 0, "08": 0, "09": 0, "10": 0, "11": 0, "12": 0}