{"01": 15808.779999999906, "02": 17990.799999999956, "03": 768.3199999999999, "04": 0, "05": 0, "06": 0, "07": 0, "08": 0, "09": 0, "10": 0, "11": 0, "12": 0}