{"01": 121518.609999998, "02": 111669.43999999831, "03": 5177.360000000003, "04": 0, "05": 0, "06": 0, "07": 0, "08": 0, "09": 0, "10": 0, "11": 0, "12": 0}