{"01": 130087.91999999368, "02": 130027.09999999325, "03": 7113.189999999982, "04": 0, "05": 0, "06": 0, "07": 0, "08": 0, "09": 0, "10": 0, "11": 0, "12": 0}