{"01": 31751.069999999978, "02": 38816.95000000082, "03": 3106.710000000006, "04": 0, "05": 0, "06": 0, "07": 0, "08": 0, "09": 0, "10": 0, "11": 0, "12": 0}