{"01": 1456.1100000000001, "02": 791.3999999999999, "03": 104.45, "04": 0, "05": 0, "06": 0, "07": 0, "08": 0, "09": 0, "10": 0, "11": 0, "12": 0}