{"01": 94065.92999999796, "02": 97285.52999999806, "03": 4720.950000000004, "04": 0, "05": 0, "06": 0, "07": 0, "08": 0, "09": 0, "10": 0, "11": 0, "12": 0}