{"01": 247954.35999998348, "02": 251879.40999998132, "03": 14267.809999999934, "04": 0, "05": 0, "06": 0, "07": 0, "08": 0, "09": 0, "10": 0, "11": 0, "12": 0}