{"01": 122284.76999999756, "02": 123007.32999999759, "03": 6444.599999999997, "04": 0, "05": 0, "06": 0, "07": 0, "08": 0, "09": 0, "10": 0, "11": 0, "12": 0}