{"01": 96652.33999999666, "02": 90572.69999999765, "03": 4914.780000000002, "04": 0, "05": 0, "06": 0, "07": 0, "08": 0, "09": 0, "10": 0, "11": 0, "12": 0}