{"01": 137756.76999999906, "02": 151095.5899999953, "03": 5606.119999999998, "04": 0, "05": 0, "06": 0, "07": 0, "08": 0, "09": 0, "10": 0, "11": 0, "12": 0}