{"01": 1868.9199999999998, "02": 1931.6999999999996, "03": 169.62, "04": 0, "05": 0, "06": 0, "07": 0, "08": 0, "09": 0, "10": 0, "11": 0, "12": 0}