{"01": 38204.07000000034, "02": 37080.4400000006, "03": 1881.8200000000027, "04": 0, "05": 0, "06": 0, "07": 0, "08": 0, "09": 0, "10": 0, "11": 0, "12": 0}