{"01": 41153.86000000081, "02": 42896.81000000093, "03": 2254.9600000000014, "04": 0, "05": 0, "06": 0, "07": 0, "08": 0, "09": 0, "10": 0, "11": 0, "12": 0}