{"01": 22228.600000000035, "02": 21459.26999999999, "03": 947.9299999999996, "04": 0, "05": 0, "06": 0, "07": 0, "08": 0, "09": 0, "10": 0, "11": 0, "12": 0}