{"01": 43141.74000000046, "02": 44648.280000000625, "03": 2221.7700000000023, "04": 0, "05": 0, "06": 0, "07": 0, "08": 0, "09": 0, "10": 0, "11": 0, "12": 0}