{"01": 37355.090000000586, "02": 37723.19000000079, "03": 1854.2400000000014, "04": 0, "05": 0, "06": 0, "07": 0, "08": 0, "09": 0, "10": 0, "11": 0, "12": 0}