{"01": 17362.599999999915, "02": 17464.579999999936, "03": 997.1599999999995, "04": 0, "05": 0, "06": 0, "07": 0, "08": 0, "09": 0, "10": 0, "11": 0, "12": 0}