{"01": 8465.9399999999, "02": 9292.809999999887, "03": 512.2599999999999, "04": 0, "05": 0, "06": 0, "07": 0, "08": 0, "09": 0, "10": 0, "11": 0, "12": 0}