{"01": 41111.28000000076, "02": 42779.42000000112, "03": 2363.1300000000033, "04": 0, "05": 0, "06": 0, "07": 0, "08": 0, "09": 0, "10": 0, "11": 0, "12": 0}