{"01": 60673.47000000091, "02": 55317.54000000091, "03": 2692.0400000000036, "04": 0, "05": 0, "06": 0, "07": 0, "08": 0, "09": 0, "10": 0, "11": 0, "12": 0}