{"01": 121863.31999999663, "02": 122500.64999999665, "03": 6434.299999999988, "04": 0, "05": 0, "06": 0, "07": 0, "08": 0, "09": 0, "10": 0, "11": 0, "12": 0}