{"01": 27250.140000000047, "02": 35255.70000000035, "03": 2683.580000000001, "04": 0, "05": 0, "06": 0, "07": 0, "08": 0, "09": 0, "10": 0, "11": 0, "12": 0}