{"01": 17443.109999999968, "02": 21837.819999999963, "03": 1187.5699999999997, "04": 0, "05": 0, "06": 0, "07": 0, "08": 0, "09": 0, "10": 0, "11": 0, "12": 0}