{"01": 44246.24999999993, "02": 44649.8799999999, "03": 1865.62, "04": 0, "05": 0, "06": 0, "07": 0, "08": 0, "09": 0, "10": 0, "11": 0, "12": 0}