{"01": 222419.28999997876, "02": 192944.39999998652, "03": 9995.819999999967, "04": 0, "05": 0, "06": 0, "07": 0, "08": 0, "09": 0, "10": 0, "11": 0, "12": 0}