{"01": 8393.049999999972, "02": 8495.629999999946, "03": 275.6, "04": 0, "05": 0, "06": 0, "07": 0, "08": 0, "09": 0, "10": 0, "11": 0, "12": 0}