{"01": 39121.07000000039, "02": 29215.300000000196, "03": 1173.1499999999999, "04": 0, "05": 0, "06": 0, "07": 0, "08": 0, "09": 0, "10": 0, "11": 0, "12": 0}