{"01": 38939.25999999997, "02": 37659.99000000008, "03": 1484.09, "04": 0, "05": 0, "06": 0, "07": 0, "08": 0, "09": 0, "10": 0, "11": 0, "12": 0}