{"01": 88082.61999999857, "02": 83415.8599999985, "03": 4395.5600000000095, "04": 0, "05": 0, "06": 0, "07": 0, "08": 0, "09": 0, "10": 0, "11": 0, "12": 0}