{"01": 5900.2699999999995, "02": 5813.200000000008, "03": 266.8, "04": 0, "05": 0, "06": 0, "07": 0, "08": 0, "09": 0, "10": 0, "11": 0, "12": 0}