{"01": 7153.909999999996, "02": 8628.899999999976, "03": 392.63999999999993, "04": 0, "05": 0, "06": 0, "07": 0, "08": 0, "09": 0, "10": 0, "11": 0, "12": 0}