{"01": 53628.740000000864, "02": 63808.830000000686, "03": 3440.540000000007, "04": 0, "05": 0, "06": 0, "07": 0, "08": 0, "09": 0, "10": 0, "11": 0, "12": 0}