{"01": 44414.15000000113, "02": 47850.520000001365, "03": 2811.750000000002, "04": 0, "05": 0, "06": 0, "07": 0, "08": 0, "09": 0, "10": 0, "11": 0, "12": 0}