{"01": 3697.7200000000093, "02": 3590.740000000008, "03": 80.82000000000002, "04": 0, "05": 0, "06": 0, "07": 0, "08": 0, "09": 0, "10": 0, "11": 0, "12": 0}