{"01": 19711.909999999996, "02": 19937.84000000002, "03": 1179.1999999999998, "04": 0, "05": 0, "06": 0, "07": 0, "08": 0, "09": 0, "10": 0, "11": 0, "12": 0}