{"01": 4896.740000000012, "02": 5273.480000000006, "03": 258.2, "04": 0, "05": 0, "06": 0, "07": 0, "08": 0, "09": 0, "10": 0, "11": 0, "12": 0}