{"01": 36915.480000000054, "02": 33158.26000000006, "03": 928.62, "04": 0, "05": 0, "06": 0, "07": 0, "08": 0, "09": 0, "10": 0, "11": 0, "12": 0}