{"01": 8579.669999999995, "02": 8358.039999999995, "03": 321.47, "04": 0, "05": 0, "06": 0, "07": 0, "08": 0, "09": 0, "10": 0, "11": 0, "12": 0}