{"01": 18758.689999999962, "02": 16292.12999999994, "03": 681.0599999999997, "04": 0, "05": 0, "06": 0, "07": 0, "08": 0, "09": 0, "10": 0, "11": 0, "12": 0}