{"01": 6494.63999999999, "02": 6748.94999999999, "03": 365.2199999999999, "04": 0, "05": 0, "06": 0, "07": 0, "08": 0, "09": 0, "10": 0, "11": 0, "12": 0}