{"01": 47450.96000000145, "02": 46404.460000001694, "03": 2053.870000000003, "04": 0, "05": 0, "06": 0, "07": 0, "08": 0, "09": 0, "10": 0, "11": 0, "12": 0}