{"01": 23741.52000000014, "02": 25494.77000000016, "03": 1090.6899999999996, "04": 0, "05": 0, "06": 0, "07": 0, "08": 0, "09": 0, "10": 0, "11": 0, "12": 0}