{"01": 8392.45999999999, "02": 11664.139999999947, "03": 1618.530000000001, "04": 0, "05": 0, "06": 0, "07": 0, "08": 0, "09": 0, "10": 0, "11": 0, "12": 0}