{"01": 5610.549999999993, "02": 14516.779999999937, "03": 289.06, "04": 0, "05": 0, "06": 0, "07": 0, "08": 0, "09": 0, "10": 0, "11": 0, "12": 0}