{"01": 18023.310000000045, "02": 18729.879999999936, "03": 1103.6599999999996, "04": 0, "05": 0, "06": 0, "07": 0, "08": 0, "09": 0, "10": 0, "11": 0, "12": 0}