{"01": 1161.6499999999996, "02": 2184.1599999999994, "03": 53.75999999999999, "04": 0, "05": 0, "06": 0, "07": 0, "08": 0, "09": 0, "10": 0, "11": 0, "12": 0}