{"01": 1646.160000000001, "02": 1631.3100000000006, "03": 131.93, "04": 0, "05": 0, "06": 0, "07": 0, "08": 0, "09": 0, "10": 0, "11": 0, "12": 0}