{"01": 971.7299999999992, "02": 1238.7499999999998, "03": 99.2, "04": 0, "05": 0, "06": 0, "07": 0, "08": 0, "09": 0, "10": 0, "11": 0, "12": 0}