{"01": 17268.26999999993, "02": 16224.619999999899, "03": 919.4299999999996, "04": 0, "05": 0, "06": 0, "07": 0, "08": 0, "09": 0, "10": 0, "11": 0, "12": 0}