{"01": 1908.0000000000023, "02": 1948.3100000000027, "03": 114.62, "04": 0, "05": 0, "06": 0, "07": 0, "08": 0, "09": 0, "10": 0, "11": 0, "12": 0}