{"01": 3900.9200000000096, "02": 4037.170000000012, "03": 157.96999999999997, "04": 0, "05": 0, "06": 0, "07": 0, "08": 0, "09": 0, "10": 0, "11": 0, "12": 0}