{"01": 1792.4899999999989, "02": 1500.4399999999994, "03": 44.7, "04": 0, "05": 0, "06": 0, "07": 0, "08": 0, "09": 0, "10": 0, "11": 0, "12": 0}