{"01": 43180.530000000785, "02": 39658.28000000072, "03": 1540.1700000000008, "04": 0, "05": 0, "06": 0, "07": 0, "08": 0, "09": 0, "10": 0, "11": 0, "12": 0}