{"01": 33269.540000000365, "02": 30521.130000000296, "03": 1517.07, "04": 0, "05": 0, "06": 0, "07": 0, "08": 0, "09": 0, "10": 0, "11": 0, "12": 0}