{"01": 854.4999999999998, "02": 729.4799999999996, "03": 47.31, "04": 0, "05": 0, "06": 0, "07": 0, "08": 0, "09": 0, "10": 0, "11": 0, "12": 0}