{"01": 8665.619999999986, "02": 9026.439999999979, "03": 391.50999999999993, "04": 0, "05": 0, "06": 0, "07": 0, "08": 0, "09": 0, "10": 0, "11": 0, "12": 0}