{"01": 7928.849999999984, "02": 8124.459999999964, "03": 263.18, "04": 0, "05": 0, "06": 0, "07": 0, "08": 0, "09": 0, "10": 0, "11": 0, "12": 0}