{"01": 5091.380000000005, "02": 6425.939999999997, "03": 299.93999999999994, "04": 0, "05": 0, "06": 0, "07": 0, "08": 0, "09": 0, "10": 0, "11": 0, "12": 0}