{"01": 18158.16999999989, "02": 17032.439999999864, "03": 1107.5599999999993, "04": 0, "05": 0, "06": 0, "07": 0, "08": 0, "09": 0, "10": 0, "11": 0, "12": 0}