{"01": 2627.5599999999986, "02": 2625.5199999999995, "03": 227.43, "04": 0, "05": 0, "06": 0, "07": 0, "08": 0, "09": 0, "10": 0, "11": 0, "12": 0}