{"01": 5046.649999999994, "02": 5333.149999999991, "03": 386.55999999999995, "04": 0, "05": 0, "06": 0, "07": 0, "08": 0, "09": 0, "10": 0, "11": 0, "12": 0}