{"01": 20612.18999999999, "02": 36222.51000000031, "03": 6614.829999999998, "04": 0, "05": 0, "06": 0, "07": 0, "08": 0, "09": 0, "10": 0, "11": 0, "12": 0}