{"01": 7617.419999999981, "02": 12899.219999999943, "03": 1526.1100000000015, "04": 0, "05": 0, "06": 0, "07": 0, "08": 0, "09": 0, "10": 0, "11": 0, "12": 0}