{"01": 15386.059999999949, "02": 18065.370000000083, "03": 2152.300000000003, "04": 0, "05": 0, "06": 0, "07": 0, "08": 0, "09": 0, "10": 0, "11": 0, "12": 0}