{"01": 39021.71000000012, "02": 34951.75000000004, "03": 1904.2599999999998, "04": 0, "05": 0, "06": 0, "07": 0, "08": 0, "09": 0, "10": 0, "11": 0, "12": 0}