{"01": 52943.32000000113, "02": 50167.180000001026, "03": 2684.7600000000043, "04": 0, "05": 0, "06": 0, "07": 0, "08": 0, "09": 0, "10": 0, "11": 0, "12": 0}