{"01": 15537.10999999993, "02": 12653.119999999924, "03": 606.9299999999997, "04": 0, "05": 0, "06": 0, "07": 0, "08": 0, "09": 0, "10": 0, "11": 0, "12": 0}