{"01": 112476.45999999398, "02": 120783.98999999216, "03": 6535.119999999972, "04": 0, "05": 0, "06": 0, "07": 0, "08": 0, "09": 0, "10": 0, "11": 0, "12": 0}