{"01": 5192.069999999993, "02": 10825.539999999985, "03": 2362.030000000001, "04": 0, "05": 0, "06": 0, "07": 0, "08": 0, "09": 0, "10": 0, "11": 0, "12": 0}