{"01": 15818.339999999882, "02": 15809.46999999986, "03": 757.9399999999999, "04": 0, "05": 0, "06": 0, "07": 0, "08": 0, "09": 0, "10": 0, "11": 0, "12": 0}