{"01": 315427.4499999878, "02": 303596.6599999764, "03": 16621.279999999817, "04": 0, "05": 0, "06": 0, "07": 0, "08": 0, "09": 0, "10": 0, "11": 0, "12": 0}