{"01": 19480.140000000138, "02": 20306.420000000093, "03": 864.45, "04": 0, "05": 0, "06": 0, "07": 0, "08": 0, "09": 0, "10": 0, "11": 0, "12": 0}