{"01": 33047.17000000094, "02": 28353.52000000065, "03": 1305.1499999999999, "04": 0, "05": 0, "06": 0, "07": 0, "08": 0, "09": 0, "10": 0, "11": 0, "12": 0}