{"01": 53562.890000002335, "02": 56615.240000002545, "03": 2483.900000000006, "04": 0, "05": 0, "06": 0, "07": 0, "08": 0, "09": 0, "10": 0, "11": 0, "12": 0}