{"01": 67809.90999999993, "02": 56674.02999999993, "03": 977.9699999999999, "04": 0, "05": 0, "06": 0, "07": 0, "08": 0, "09": 0, "10": 0, "11": 0, "12": 0}