{"01": 1996.9600000000023, "02": 2705.980000000007, "03": 110.09000000000003, "04": 0, "05": 0, "06": 0, "07": 0, "08": 0, "09": 0, "10": 0, "11": 0, "12": 0}