{"01": 1347.8900000000003, "02": 1286.2400000000002, "03": 443.9, "04": 0, "05": 0, "06": 0, "07": 0, "08": 0, "09": 0, "10": 0, "11": 0, "12": 0}