{"01": 8522.129999999986, "02": 8186.72999999999, "03": 749.4699999999998, "04": 0, "05": 0, "06": 0, "07": 0, "08": 0, "09": 0, "10": 0, "11": 0, "12": 0}