{"01": 57629.03000000729, "02": 57275.30000000738, "03": 3100.4500000000207, "04": 0, "05": 0, "06": 0, "07": 0, "08": 0, "09": 0, "10": 0, "11": 0, "12": 0}