{"01": 224435.79999997534, "02": 183958.0199999833, "03": 9452.39999999996, "04": 0, "05": 0, "06": 0, "07": 0, "08": 0, "09": 0, "10": 0, "11": 0, "12": 0}