{"01": 23221.830000000173, "02": 22405.27000000018, "03": 899.6699999999998, "04": 0, "05": 0, "06": 0, "07": 0, "08": 0, "09": 0, "10": 0, "11": 0, "12": 0}