{"01": 8672.090000000006, "02": 8586.190000000006, "03": 267.5, "04": 0, "05": 0, "06": 0, "07": 0, "08": 0, "09": 0, "10": 0, "11": 0, "12": 0}