{"01": 3007.5600000000077, "02": 2765.060000000008, "03": 124.51000000000002, "04": 0, "05": 0, "06": 0, "07": 0, "08": 0, "09": 0, "10": 0, "11": 0, "12": 0}