{"01": 84539.77000000059, "02": 78276.26000000055, "03": 3615.7500000000027, "04": 0, "05": 0, "06": 0, "07": 0, "08": 0, "09": 0, "10": 0, "11": 0, "12": 0}