{"01": 6314.599999999991, "02": 2058.509999999998, "03": 100.81, "04": 0, "05": 0, "06": 0, "07": 0, "08": 0, "09": 0, "10": 0, "11": 0, "12": 0}