{"01": 8073.859999999972, "02": 8270.449999999973, "03": 216.72, "04": 0, "05": 0, "06": 0, "07": 0, "08": 0, "09": 0, "10": 0, "11": 0, "12": 0}