{"01": 689.7299999999996, "02": 865.5099999999996, "03": 71.15, "04": 0, "05": 0, "06": 0, "07": 0, "08": 0, "09": 0, "10": 0, "11": 0, "12": 0}