{"01": 44386.67000000053, "02": 42368.990000000544, "03": 1821.7500000000005, "04": 0, "05": 0, "06": 0, "07": 0, "08": 0, "09": 0, "10": 0, "11": 0, "12": 0}