{"01": 25890.04000000029, "02": 23417.10000000021, "03": 1385.6200000000013, "04": 0, "05": 0, "06": 0, "07": 0, "08": 0, "09": 0, "10": 0, "11": 0, "12": 0}