{"01": 157811.31999999518, "02": 147492.97999999564, "03": 7585.909999999995, "04": 0, "05": 0, "06": 0, "07": 0, "08": 0, "09": 0, "10": 0, "11": 0, "12": 0}