{"01": 92168.7199999969, "02": 92055.77999999729, "03": 4445.230000000001, "04": 0, "05": 0, "06": 0, "07": 0, "08": 0, "09": 0, "10": 0, "11": 0, "12": 0}