{"01": 53349.47000000088, "02": 49267.94000000091, "03": 2594.460000000002, "04": 0, "05": 0, "06": 0, "07": 0, "08": 0, "09": 0, "10": 0, "11": 0, "12": 0}