{"01": 103021.65999999821, "02": 102380.63999999831, "03": 5139.7300000000005, "04": 0, "05": 0, "06": 0, "07": 0, "08": 0, "09": 0, "10": 0, "11": 0, "12": 0}