{"01": 6184.349999999988, "02": 6072.399999999989, "03": 264.13000000000005, "04": 0, "05": 0, "06": 0, "07": 0, "08": 0, "09": 0, "10": 0, "11": 0, "12": 0}