{"01": 2128.160000000002, "02": 2712.050000000002, "03": 301.54999999999995, "04": 0, "05": 0, "06": 0, "07": 0, "08": 0, "09": 0, "10": 0, "11": 0, "12": 0}