{"01": 482917.97000000085, "02": 638471.9100000035, "03": 18646.989999999994, "04": 0, "05": 0, "06": 0, "07": 0, "08": 0, "09": 0, "10": 0, "11": 0, "12": 0}