{"01": 130819.17999999764, "02": 104608.78999999935, "03": 7691.809999999994, "04": 0, "05": 0, "06": 0, "07": 0, "08": 0, "09": 0, "10": 0, "11": 0, "12": 0}