{"01": 1615367.6799999902, "02": 1533383.3999999887, "03": 104363.37, "04": 0, "05": 0, "06": 0, "07": 0, "08": 0, "09": 0, "10": 0, "11": 0, "12": 0}