{"01": 12098.960000000003, "02": 13290.640000000003, "03": 904.7, "04": 0, "05": 0, "06": 0, "07": 0, "08": 0, "09": 0, "10": 0, "11": 0, "12": 0}