{"01": 21735.910000000113, "02": 23120.580000000275, "03": 1760.6600000000021, "04": 0, "05": 0, "06": 0, "07": 0, "08": 0, "09": 0, "10": 0, "11": 0, "12": 0}