{"01": 30253.900000000416, "02": 35939.6400000009, "03": 2618.460000000005, "04": 0, "05": 0, "06": 0, "07": 0, "08": 0, "09": 0, "10": 0, "11": 0, "12": 0}