{"01": 29679.92000000026, "02": 28813.18000000012, "03": 1368.8999999999999, "04": 0, "05": 0, "06": 0, "07": 0, "08": 0, "09": 0, "10": 0, "11": 0, "12": 0}