{"01": 6443.869999999976, "02": 7642.229999999971, "03": 621.2799999999999, "04": 0, "05": 0, "06": 0, "07": 0, "08": 0, "09": 0, "10": 0, "11": 0, "12": 0}