{"01": 377.08000000000004, "02": 1217.4999999999993, "03": 262.40000000000003, "04": 0, "05": 0, "06": 0, "07": 0, "08": 0, "09": 0, "10": 0, "11": 0, "12": 0}