{"01": 2780.830000000003, "02": 2476.950000000003, "03": 94.06, "04": 0, "05": 0, "06": 0, "07": 0, "08": 0, "09": 0, "10": 0, "11": 0, "12": 0}