{"01": 20836.279999999948, "02": 17337.82999999998, "03": 1150.64, "04": 0, "05": 0, "06": 0, "07": 0, "08": 0, "09": 0, "10": 0, "11": 0, "12": 0}