{"01": 25534.510000000104, "02": 24329.45999999997, "03": 1834.1400000000008, "04": 0, "05": 0, "06": 0, "07": 0, "08": 0, "09": 0, "10": 0, "11": 0, "12": 0}