{"01": 1193.8399999999997, "02": 1392.1300000000008, "03": 187.9, "04": 0, "05": 0, "06": 0, "07": 0, "08": 0, "09": 0, "10": 0, "11": 0, "12": 0}