{"01": 2955.3599999999906, "02": 2621.2699999999927, "03": 161.23999999999998, "04": 0, "05": 0, "06": 0, "07": 0, "08": 0, "09": 0, "10": 0, "11": 0, "12": 0}