{"01": 12167.229999999905, "02": 13380.819999999898, "03": 603.8099999999997, "04": 0, "05": 0, "06": 0, "07": 0, "08": 0, "09": 0, "10": 0, "11": 0, "12": 0}