{"01": 48227.350000001235, "02": 46484.80000000137, "03": 2623.6900000000037, "04": 0, "05": 0, "06": 0, "07": 0, "08": 0, "09": 0, "10": 0, "11": 0, "12": 0}