{"01": 100106.97999999614, "02": 98264.96999999626, "03": 5202.729999999995, "04": 0, "05": 0, "06": 0, "07": 0, "08": 0, "09": 0, "10": 0, "11": 0, "12": 0}