{"01": 10316.079999999858, "02": 11842.619999999773, "03": 904.4299999999985, "04": 0, "05": 0, "06": 0, "07": 0, "08": 0, "09": 0, "10": 0, "11": 0, "12": 0}