{"01": 5286.8300000000045, "02": 5969.0499999999765, "03": 420.70999999999987, "04": 0, "05": 0, "06": 0, "07": 0, "08": 0, "09": 0, "10": 0, "11": 0, "12": 0}