{"01": 731766.2499999984, "02": 714768.0800000001, "03": 26141.58000000001, "04": 0, "05": 0, "06": 0, "07": 0, "08": 0, "09": 0, "10": 0, "11": 0, "12": 0}