{"01": 119634.82999999999, "02": 108034.75999999991, "03": 5869.620000000003, "04": 0, "05": 0, "06": 0, "07": 0, "08": 0, "09": 0, "10": 0, "11": 0, "12": 0}