{"01": 6936.219999999996, "02": 7309.459999999995, "03": 105.82, "04": 0, "05": 0, "06": 0, "07": 0, "08": 0, "09": 0, "10": 0, "11": 0, "12": 0}