{"01": 278902.6899999998, "02": 275692.5599999997, "03": 6274.15, "04": 0, "05": 0, "06": 0, "07": 0, "08": 0, "09": 0, "10": 0, "11": 0, "12": 0}