{"01": 1635.2799999999997, "02": 1737.3299999999992, "03": 73.58, "04": 0, "05": 0, "06": 0, "07": 0, "08": 0, "09": 0, "10": 0, "11": 0, "12": 0}