{"01": 5233.360000000013, "02": 4579.100000000014, "03": 219.79000000000005, "04": 0, "05": 0, "06": 0, "07": 0, "08": 0, "09": 0, "10": 0, "11": 0, "12": 0}