{"01": 4883.760000000007, "02": 5078.680000000001, "03": 275.91, "04": 0, "05": 0, "06": 0, "07": 0, "08": 0, "09": 0, "10": 0, "11": 0, "12": 0}