{"01": 10820.809999999996, "02": 7814.320000000004, "03": 438.34, "04": 0, "05": 0, "06": 0, "07": 0, "08": 0, "09": 0, "10": 0, "11": 0, "12": 0}