{"01": 1862.0700000000027, "02": 2667.580000000003, "03": 122.00999999999999, "04": 0, "05": 0, "06": 0, "07": 0, "08": 0, "09": 0, "10": 0, "11": 0, "12": 0}