{"01": 21766.41999999999, "02": 20973.84000000012, "03": 1243.3000000000013, "04": 0, "05": 0, "06": 0, "07": 0, "08": 0, "09": 0, "10": 0, "11": 0, "12": 0}