{"01": 4986.950000000001, "02": 2577.9700000000007, "03": 249.39, "04": 0, "05": 0, "06": 0, "07": 0, "08": 0, "09": 0, "10": 0, "11": 0, "12": 0}