{"01": 4931.620000000003, "02": 3857.1200000000126, "03": 239.8700000000001, "04": 0, "05": 0, "06": 0, "07": 0, "08": 0, "09": 0, "10": 0, "11": 0, "12": 0}