{"01": 1147.5400000000002, "02": 1214.3900000000003, "03": 70.80000000000001, "04": 0, "05": 0, "06": 0, "07": 0, "08": 0, "09": 0, "10": 0, "11": 0, "12": 0}