{"01": 4812.689999999998, "02": 5336.509999999995, "03": 372.9799999999999, "04": 0, "05": 0, "06": 0, "07": 0, "08": 0, "09": 0, "10": 0, "11": 0, "12": 0}