{"01": 49193.67000000078, "02": 44586.64000000066, "03": 3509.1700000000046, "04": 0, "05": 0, "06": 0, "07": 0, "08": 0, "09": 0, "10": 0, "11": 0, "12": 0}