{"01": 12767.139999999916, "02": 11419.519999999931, "03": 659.5699999999998, "04": 0, "05": 0, "06": 0, "07": 0, "08": 0, "09": 0, "10": 0, "11": 0, "12": 0}