{"01": 267.16999999999996, "02": 474.6099999999999, "03": 26.9, "04": 0, "05": 0, "06": 0, "07": 0, "08": 0, "09": 0, "10": 0, "11": 0, "12": 0}