{"01": 1850.4700000000007, "02": 1788.8700000000015, "03": 87.9, "04": 0, "05": 0, "06": 0, "07": 0, "08": 0, "09": 0, "10": 0, "11": 0, "12": 0}