{"01": 0, "02": 2727.7300000000055, "03": 148.35999999999999, "04": 0, "05": 0, "06": 0, "07": 0, "08": 0, "09": 0, "10": 0, "11": 0, "12": 0}