{"01": 2119.750000000003, "02": 2086.9900000000007, "03": 94.41999999999999, "04": 0, "05": 0, "06": 0, "07": 0, "08": 0, "09": 0, "10": 0, "11": 0, "12": 0}