{"01": 348359.2600000099, "02": 328102.51000001054, "03": 16671.119999999923, "04": 0, "05": 0, "06": 0, "07": 0, "08": 0, "09": 0, "10": 0, "11": 0, "12": 0}