{"01": 72113.29000000078, "02": 73663.17000000064, "03": 4286.120000000009, "04": 0, "05": 0, "06": 0, "07": 0, "08": 0, "09": 0, "10": 0, "11": 0, "12": 0}