{"01": 4750.249999999998, "02": 4422.030000000009, "03": 195.17000000000002, "04": 0, "05": 0, "06": 0, "07": 0, "08": 0, "09": 0, "10": 0, "11": 0, "12": 0}