{"01": 26986.990000000267, "02": 42048.40000000104, "03": 2722.010000000005, "04": 0, "05": 0, "06": 0, "07": 0, "08": 0, "09": 0, "10": 0, "11": 0, "12": 0}