{"01": 2433.120000000004, "02": 1876.7200000000034, "03": 105.5, "04": 0, "05": 0, "06": 0, "07": 0, "08": 0, "09": 0, "10": 0, "11": 0, "12": 0}