{"01": 25870.37000000019, "02": 25629.89000000018, "03": 1856.570000000001, "04": 0, "05": 0, "06": 0, "07": 0, "08": 0, "09": 0, "10": 0, "11": 0, "12": 0}