{"01": 151680.1099999939, "02": 157947.44999999256, "03": 10772.35999999997, "04": 0, "05": 0, "06": 0, "07": 0, "08": 0, "09": 0, "10": 0, "11": 0, "12": 0}