{"01": 2613.1200000000076, "02": 3026.5900000000092, "03": 221.36000000000004, "04": 0, "05": 0, "06": 0, "07": 0, "08": 0, "09": 0, "10": 0, "11": 0, "12": 0}