{"01": 408035.19999999984, "02": 402185.05000000057, "03": 9538.759999999997, "04": 0, "05": 0, "06": 0, "07": 0, "08": 0, "09": 0, "10": 0, "11": 0, "12": 0}