{"01": 35980.15000000031, "02": 36341.72000000032, "03": 2056.8300000000004, "04": 0, "05": 0, "06": 0, "07": 0, "08": 0, "09": 0, "10": 0, "11": 0, "12": 0}