{"01": 16095.680000000013, "02": 15202.849999999988, "03": 843.6, "04": 0, "05": 0, "06": 0, "07": 0, "08": 0, "09": 0, "10": 0, "11": 0, "12": 0}