{"01": 14924.92999999988, "02": 13724.53999999991, "03": 817.0299999999997, "04": 0, "05": 0, "06": 0, "07": 0, "08": 0, "09": 0, "10": 0, "11": 0, "12": 0}