{"01": 74509.23999999986, "02": 66878.39999999998, "03": 2977.6099999999997, "04": 0, "05": 0, "06": 0, "07": 0, "08": 0, "09": 0, "10": 0, "11": 0, "12": 0}