{"01": 15326.400000000005, "02": 15241.15, "03": 822.1700000000001, "04": 0, "05": 0, "06": 0, "07": 0, "08": 0, "09": 0, "10": 0, "11": 0, "12": 0}