{"01": 537456.4100000175, "02": 515655.59000001964, "03": 26230.28000000001, "04": 0, "05": 0, "06": 0, "07": 0, "08": 0, "09": 0, "10": 0, "11": 0, "12": 0}