{"01": 48485.73000000097, "02": 51473.41000000102, "03": 3140.8300000000036, "04": 0, "05": 0, "06": 0, "07": 0, "08": 0, "09": 0, "10": 0, "11": 0, "12": 0}