{"01": 19139.679999999964, "02": 19350.11999999993, "03": 1109.8799999999992, "04": 0, "05": 0, "06": 0, "07": 0, "08": 0, "09": 0, "10": 0, "11": 0, "12": 0}