{"01": 16864.949999999946, "02": 13679.72999999996, "03": 815.2399999999998, "04": 0, "05": 0, "06": 0, "07": 0, "08": 0, "09": 0, "10": 0, "11": 0, "12": 0}