{"01": 29721.480000000323, "02": 26042.93000000031, "03": 1058.2799999999997, "04": 0, "05": 0, "06": 0, "07": 0, "08": 0, "09": 0, "10": 0, "11": 0, "12": 0}