{"01": 71329.83000000035, "02": 68143.920000001, "03": 3831.260000000004, "04": 0, "05": 0, "06": 0, "07": 0, "08": 0, "09": 0, "10": 0, "11": 0, "12": 0}