{"01": 786812.9600001208, "02": 805245.7300001256, "03": 43088.03000000035, "04": 0, "05": 0, "06": 0, "07": 0, "08": 0, "09": 0, "10": 0, "11": 0, "12": 0}