{"01": 23193.339999999964, "02": 19582.700000000004, "03": 1269.0900000000001, "04": 0, "05": 0, "06": 0, "07": 0, "08": 0, "09": 0, "10": 0, "11": 0, "12": 0}