{"01": 28870.13000000021, "02": 26010.340000000164, "03": 1768.9200000000008, "04": 0, "05": 0, "06": 0, "07": 0, "08": 0, "09": 0, "10": 0, "11": 0, "12": 0}