{"01": 3383.690000000002, "02": 3946.8100000000018, "03": 169.86, "04": 0, "05": 0, "06": 0, "07": 0, "08": 0, "09": 0, "10": 0, "11": 0, "12": 0}