{"01": 3293177.1799965315, "02": 3109504.4199968884, "03": 135628.7799999902, "04": 0, "05": 0, "06": 0, "07": 0, "08": 0, "09": 0, "10": 0, "11": 0, "12": 0}