{"01": 3504142.469999982, "02": 3417699.799999983, "03": 204461.61000000025, "04": 0, "05": 0, "06": 0, "07": 0, "08": 0, "09": 0, "10": 0, "11": 0, "12": 0}