{"01": 3998235.010000029, "02": 3900542.399999956, "03": 208767.9900000002, "04": 0, "05": 0, "06": 0, "07": 0, "08": 0, "09": 0, "10": 0, "11": 0, "12": 0}