{"01": 49356.58000000065, "02": 44218.92000000047, "03": 2774.3800000000024, "04": 0, "05": 0, "06": 0, "07": 0, "08": 0, "09": 0, "10": 0, "11": 0, "12": 0}