{"01": 2018580.949999907, "02": 2002644.5899999333, "03": 120773.11000000023, "04": 0, "05": 0, "06": 0, "07": 0, "08": 0, "09": 0, "10": 0, "11": 0, "12": 0}