{"01": 408620.8799999975, "02": 400374.7500000023, "03": 23923.420000000016, "04": 0, "05": 0, "06": 0, "07": 0, "08": 0, "09": 0, "10": 0, "11": 0, "12": 0}