{"01": 448312.6699999989, "02": 441746.9100000022, "03": 23697.80000000001, "04": 0, "05": 0, "06": 0, "07": 0, "08": 0, "09": 0, "10": 0, "11": 0, "12": 0}