{"01": 233862.00000000023, "02": 236646.9299999983, "03": 15654.220000000012, "04": 0, "05": 0, "06": 0, "07": 0, "08": 0, "09": 0, "10": 0, "11": 0, "12": 0}