{"01": 1060707.3500004981, "02": 1006180.6200004691, "03": 50350.550000001254, "04": 0, "05": 0, "06": 0, "07": 0, "08": 0, "09": 0, "10": 0, "11": 0, "12": 0}