{"01": 405934.41999999736, "02": 375879.7299999988, "03": 8387.359999999997, "04": 0, "05": 0, "06": 0, "07": 0, "08": 0, "09": 0, "10": 0, "11": 0, "12": 0}