{"01": 1798447.1299990686, "02": 1833118.9699988703, "03": 113286.36999999642, "04": 0, "05": 0, "06": 0, "07": 0, "08": 0, "09": 0, "10": 0, "11": 0, "12": 0}