{"01": 2234.670000000001, "02": 2170.8799999999997, "03": 132.99, "04": 0, "05": 0, "06": 0, "07": 0, "08": 0, "09": 0, "10": 0, "11": 0, "12": 0}