{"01": 124.84999999999972, "02": -100.66000000000014, "03": 0.1, "04": 0, "05": 0, "06": 0, "07": 0, "08": 0, "09": 0, "10": 0, "11": 0, "12": 0}