{"01": 2445029.3100007977, "02": 2342152.370000729, "03": 122454.19000000157, "04": 0, "05": 0, "06": 0, "07": 0, "08": 0, "09": 0, "10": 0, "11": 0, "12": 0}