{"01": 169661.49000000476, "02": 158889.63000000385, "03": 9203.800000000014, "04": 0, "05": 0, "06": 0, "07": 0, "08": 0, "09": 0, "10": 0, "11": 0, "12": 0}