{"01": 3858871.7700012294, "02": 3632212.5500014317, "03": 191115.68000000383, "04": 0, "05": 0, "06": 0, "07": 0, "08": 0, "09": 0, "10": 0, "11": 0, "12": 0}