{"01": 75992.11999990078, "02": 74928.03999987635, "03": 3919.09999999899, "04": 0, "05": 0, "06": 0, "07": 0, "08": 0, "09": 0, "10": 0, "11": 0, "12": 0}