{"01": 49693.65000000095, "02": 45269.86000000092, "03": 2540.810000000002, "04": 0, "05": 0, "06": 0, "07": 0, "08": 0, "09": 0, "10": 0, "11": 0, "12": 0}