{"01": 627317.9000000636, "02": 622501.780000076, "03": 27746.950000000186, "04": 0, "05": 0, "06": 0, "07": 0, "08": 0, "09": 0, "10": 0, "11": 0, "12": 0}