{"01": 94203.94999999861, "02": 95400.88999999853, "03": 6012.06999999999, "04": 0, "05": 0, "06": 0, "07": 0, "08": 0, "09": 0, "10": 0, "11": 0, "12": 0}