{"01": 4571.720000000001, "02": 32403.17000000017, "03": 15513.60999999995, "04": 0, "05": 0, "06": 0, "07": 0, "08": 0, "09": 0, "10": 0, "11": 0, "12": 0}