{"01": 579566.7600000199, "02": 527064.1500000097, "03": 40094.2800000001, "04": 0, "05": 0, "06": 0, "07": 0, "08": 0, "09": 0, "10": 0, "11": 0, "12": 0}