{"01": 37237.310000000674, "02": 30954.29000000031, "03": 3014.740000000002, "04": 0, "05": 0, "06": 0, "07": 0, "08": 0, "09": 0, "10": 0, "11": 0, "12": 0}