{"01": 298824.5600000043, "02": 288259.9000000001, "03": 20407.790000000063, "04": 0, "05": 0, "06": 0, "07": 0, "08": 0, "09": 0, "10": 0, "11": 0, "12": 0}