{"01": 75322.89000000095, "02": 77845.98000000035, "03": 6431.649999999991, "04": 0, "05": 0, "06": 0, "07": 0, "08": 0, "09": 0, "10": 0, "11": 0, "12": 0}