{"01": 41615.03000000094, "02": 44429.870000000985, "03": 3425.3500000000063, "04": 0, "05": 0, "06": 0, "07": 0, "08": 0, "09": 0, "10": 0, "11": 0, "12": 0}