{"01": 86524.46999999986, "02": 85453.72999999986, "03": 4970.610000000002, "04": 0, "05": 0, "06": 0, "07": 0, "08": 0, "09": 0, "10": 0, "11": 0, "12": 0}