{"01": 21694.859999999997, "02": 19984.909999999985, "03": 1253.6399999999999, "04": 0, "05": 0, "06": 0, "07": 0, "08": 0, "09": 0, "10": 0, "11": 0, "12": 0}