{"01": 8384.089999999986, "02": 12322.289999999968, "03": 594.2499999999999, "04": 0, "05": 0, "06": 0, "07": 0, "08": 0, "09": 0, "10": 0, "11": 0, "12": 0}