{"01": 32284.680000000546, "02": 34677.65000000051, "03": 2709.3600000000056, "04": 0, "05": 0, "06": 0, "07": 0, "08": 0, "09": 0, "10": 0, "11": 0, "12": 0}