{"01": 28284.480000000334, "02": 28386.890000000363, "03": 1722.1500000000021, "04": 0, "05": 0, "06": 0, "07": 0, "08": 0, "09": 0, "10": 0, "11": 0, "12": 0}