{"01": 7243.879999999961, "02": 8931.559999999941, "03": 772.7299999999997, "04": 0, "05": 0, "06": 0, "07": 0, "08": 0, "09": 0, "10": 0, "11": 0, "12": 0}