{"01": 77951.0999999999, "02": 79641.2899999992, "03": 5026.819999999998, "04": 0, "05": 0, "06": 0, "07": 0, "08": 0, "09": 0, "10": 0, "11": 0, "12": 0}