{"01": 9221.879999999976, "02": 5990.529999999996, "03": 390.36999999999995, "04": 0, "05": 0, "06": 0, "07": 0, "08": 0, "09": 0, "10": 0, "11": 0, "12": 0}