{"01": 13247.049999999992, "02": 12725.129999999943, "03": 893.4199999999996, "04": 0, "05": 0, "06": 0, "07": 0, "08": 0, "09": 0, "10": 0, "11": 0, "12": 0}