{"01": 35574.58000000074, "02": 33328.00000000027, "03": 2668.1300000000037, "04": 0, "05": 0, "06": 0, "07": 0, "08": 0, "09": 0, "10": 0, "11": 0, "12": 0}