{"01": 69742.55000000057, "02": 71385.08000000099, "03": 4640.32000000001, "04": 0, "05": 0, "06": 0, "07": 0, "08": 0, "09": 0, "10": 0, "11": 0, "12": 0}