{"01": 15818.479999999983, "02": 13474.569999999976, "03": 714.2499999999999, "04": 0, "05": 0, "06": 0, "07": 0, "08": 0, "09": 0, "10": 0, "11": 0, "12": 0}