{"01": 280239.2499999821, "02": 283255.0399999863, "03": 17548.28999999994, "04": 0, "05": 0, "06": 0, "07": 0, "08": 0, "09": 0, "10": 0, "11": 0, "12": 0}