{"01": 712423.6800003346, "02": 707856.2100002975, "03": 42568.87000000099, "04": 0, "05": 0, "06": 0, "07": 0, "08": 0, "09": 0, "10": 0, "11": 0, "12": 0}