{"01": 172958.98999998765, "02": 168044.45999998847, "03": 11197.199999999943, "04": 0, "05": 0, "06": 0, "07": 0, "08": 0, "09": 0, "10": 0, "11": 0, "12": 0}