{"01": 163775.9999999891, "02": 176078.8999999933, "03": 10421.219999999974, "04": 0, "05": 0, "06": 0, "07": 0, "08": 0, "09": 0, "10": 0, "11": 0, "12": 0}