{"01": 208310.639999987, "02": 213263.09999998574, "03": 14160.439999999946, "04": 0, "05": 0, "06": 0, "07": 0, "08": 0, "09": 0, "10": 0, "11": 0, "12": 0}