{"01": 280120.579999994, "02": 213400.78999999634, "03": 11701.509999999991, "04": 0, "05": 0, "06": 0, "07": 0, "08": 0, "09": 0, "10": 0, "11": 0, "12": 0}