{"01": 50827.63000000029, "02": 50843.11000000035, "03": 5150.419999999998, "04": 0, "05": 0, "06": 0, "07": 0, "08": 0, "09": 0, "10": 0, "11": 0, "12": 0}