{"01": 4012.550000000009, "02": 3848.2400000000107, "03": 278.90999999999997, "04": 0, "05": 0, "06": 0, "07": 0, "08": 0, "09": 0, "10": 0, "11": 0, "12": 0}