{"01": 60978.050000000374, "02": 24913.089999999916, "03": 497.37, "04": 0, "05": 0, "06": 0, "07": 0, "08": 0, "09": 0, "10": 0, "11": 0, "12": 0}