{"01": 250465.589999986, "02": 247953.58999998972, "03": 12204.959999999972, "04": 0, "05": 0, "06": 0, "07": 0, "08": 0, "09": 0, "10": 0, "11": 0, "12": 0}