{"01": 261378.96999999194, "02": 307361.7800000055, "03": 35810.09000000018, "04": 0, "05": 0, "06": 0, "07": 0, "08": 0, "09": 0, "10": 0, "11": 0, "12": 0}