{"01": 1134507.5500002834, "02": 1145114.810000234, "03": 64275.13000000146, "04": 0, "05": 0, "06": 0, "07": 0, "08": 0, "09": 0, "10": 0, "11": 0, "12": 0}