{"01": 914971.630000298, "02": 850630.5300002702, "03": 45266.24000000074, "04": 0, "05": 0, "06": 0, "07": 0, "08": 0, "09": 0, "10": 0, "11": 0, "12": 0}