{"01": 1094538.9500003436, "02": 1031678.6600003154, "03": 47740.370000000796, "04": 0, "05": 0, "06": 0, "07": 0, "08": 0, "09": 0, "10": 0, "11": 0, "12": 0}