{"01": 232898.55999998527, "02": 238766.95999998503, "03": 13405.739999999945, "04": 0, "05": 0, "06": 0, "07": 0, "08": 0, "09": 0, "10": 0, "11": 0, "12": 0}