{"01": 5292.170000000001, "02": 5219.339999999996, "03": 254.48000000000005, "04": 0, "05": 0, "06": 0, "07": 0, "08": 0, "09": 0, "10": 0, "11": 0, "12": 0}