{"01": 14006.33999999994, "02": 8222.899999999981, "03": 331.51, "04": 0, "05": 0, "06": 0, "07": 0, "08": 0, "09": 0, "10": 0, "11": 0, "12": 0}