{"01": 8364.079999999958, "02": 8174.219999999964, "03": 453.82, "04": 0, "05": 0, "06": 0, "07": 0, "08": 0, "09": 0, "10": 0, "11": 0, "12": 0}