{"01": 3265.620000000003, "02": 2979.230000000003, "03": 195.00000000000003, "04": 0, "05": 0, "06": 0, "07": 0, "08": 0, "09": 0, "10": 0, "11": 0, "12": 0}