{"01": 795822.9100000118, "02": 772513.8500000095, "03": 42536.39999999997, "04": 0, "05": 0, "06": 0, "07": 0, "08": 0, "09": 0, "10": 0, "11": 0, "12": 0}