{"01": 6476.900000000001, "02": 6112.189999999998, "03": 474.7900000000001, "04": 0, "05": 0, "06": 0, "07": 0, "08": 0, "09": 0, "10": 0, "11": 0, "12": 0}