{"01": 30745.610000000222, "02": 31781.29000000012, "03": 1714.430000000001, "04": 0, "05": 0, "06": 0, "07": 0, "08": 0, "09": 0, "10": 0, "11": 0, "12": 0}