{"01": 16380.009999999995, "02": 16630.52999999997, "03": 728.5799999999999, "04": 0, "05": 0, "06": 0, "07": 0, "08": 0, "09": 0, "10": 0, "11": 0, "12": 0}