{"01": 879428.4000002758, "02": 918277.0400003105, "03": 60238.56000000117, "04": 0, "05": 0, "06": 0, "07": 0, "08": 0, "09": 0, "10": 0, "11": 0, "12": 0}