{"01": 34977.050000001, "02": 32966.61000000093, "03": 1827.9900000000027, "04": 0, "05": 0, "06": 0, "07": 0, "08": 0, "09": 0, "10": 0, "11": 0, "12": 0}