{"01": 324231.460000031, "02": 312140.88000000885, "03": 16300.279999999966, "04": 0, "05": 0, "06": 0, "07": 0, "08": 0, "09": 0, "10": 0, "11": 0, "12": 0}