{"01": 240724.74999997026, "02": 214249.91999997184, "03": 9588.31999999997, "04": 0, "05": 0, "06": 0, "07": 0, "08": 0, "09": 0, "10": 0, "11": 0, "12": 0}