{"01": 1075732.8400004273, "02": 1064973.9800005148, "03": 54879.110000001645, "04": 0, "05": 0, "06": 0, "07": 0, "08": 0, "09": 0, "10": 0, "11": 0, "12": 0}