{"01": 337037.25999999756, "02": 308595.5499999915, "03": 15533.479999999916, "04": 0, "05": 0, "06": 0, "07": 0, "08": 0, "09": 0, "10": 0, "11": 0, "12": 0}