{"01": 1297294.5600002503, "02": 1327051.670000213, "03": 74564.0700000019, "04": 0, "05": 0, "06": 0, "07": 0, "08": 0, "09": 0, "10": 0, "11": 0, "12": 0}