{"01": 83248.64000000097, "02": 79075.67000000193, "03": 3524.280000000008, "04": 0, "05": 0, "06": 0, "07": 0, "08": 0, "09": 0, "10": 0, "11": 0, "12": 0}