{"01": 23245.29000000003, "02": 22689.510000000024, "03": 1765.23, "04": 0, "05": 0, "06": 0, "07": 0, "08": 0, "09": 0, "10": 0, "11": 0, "12": 0}