{"01": 3649.2400000000002, "02": 2708.2599999999998, "03": 269.1, "04": 0, "05": 0, "06": 0, "07": 0, "08": 0, "09": 0, "10": 0, "11": 0, "12": 0}