{"01": 3011.329999999998, "02": 2724.809999999999, "03": 282.55, "04": 0, "05": 0, "06": 0, "07": 0, "08": 0, "09": 0, "10": 0, "11": 0, "12": 0}