{"01": 1972.6900000000003, "02": 1056.1100000000008, "03": 277.85, "04": 0, "05": 0, "06": 0, "07": 0, "08": 0, "09": 0, "10": 0, "11": 0, "12": 0}