{"01": 1082397.0600002292, "02": 1088666.0600002173, "03": 59800.660000000855, "04": 0, "05": 0, "06": 0, "07": 0, "08": 0, "09": 0, "10": 0, "11": 0, "12": 0}