{"01": 782384.9300002062, "02": 660913.6500001353, "03": 34996.52000000037, "04": 0, "05": 0, "06": 0, "07": 0, "08": 0, "09": 0, "10": 0, "11": 0, "12": 0}