{"01": 1341415.7799999798, "02": 1352762.1799998872, "03": 73668.70000000046, "04": 0, "05": 0, "06": 0, "07": 0, "08": 0, "09": 0, "10": 0, "11": 0, "12": 0}