{"01": 750551.180000361, "02": 677812.9900002267, "03": 35368.30000000045, "04": 0, "05": 0, "06": 0, "07": 0, "08": 0, "09": 0, "10": 0, "11": 0, "12": 0}