{"01": 1177555.0200001856, "02": 1151807.9200003706, "03": 59486.2400000015, "04": 0, "05": 0, "06": 0, "07": 0, "08": 0, "09": 0, "10": 0, "11": 0, "12": 0}