{"01": 1034579.2700003247, "02": 1027409.2600003658, "03": 51842.07000000121, "04": 0, "05": 0, "06": 0, "07": 0, "08": 0, "09": 0, "10": 0, "11": 0, "12": 0}