{"01": 1604261.049999184, "02": 1663614.8599992527, "03": 94996.61999999887, "04": 0, "05": 0, "06": 0, "07": 0, "08": 0, "09": 0, "10": 0, "11": 0, "12": 0}