{"01": 14250.760000000058, "02": 16307.490000000143, "03": 543.8000000000003, "04": 0, "05": 0, "06": 0, "07": 0, "08": 0, "09": 0, "10": 0, "11": 0, "12": 0}