{"01": 2088385.0699972557, "02": 2016964.4199977748, "03": 107865.11999999477, "04": 0, "05": 0, "06": 0, "07": 0, "08": 0, "09": 0, "10": 0, "11": 0, "12": 0}