{"01": 11040.679999999995, "02": 13923.569999999989, "03": 611.52, "04": 0, "05": 0, "06": 0, "07": 0, "08": 0, "09": 0, "10": 0, "11": 0, "12": 0}