{"01": 3032.13, "02": 2105.9400000000005, "03": 161.10999999999999, "04": 0, "05": 0, "06": 0, "07": 0, "08": 0, "09": 0, "10": 0, "11": 0, "12": 0}