{"01": 6531.470000000001, "02": 5952.109999999996, "03": 328.53000000000003, "04": 0, "05": 0, "06": 0, "07": 0, "08": 0, "09": 0, "10": 0, "11": 0, "12": 0}