{"01": 1465.7299999999998, "02": 1683.160000000001, "03": 89.82, "04": 0, "05": 0, "06": 0, "07": 0, "08": 0, "09": 0, "10": 0, "11": 0, "12": 0}