{"01": 24381.169999999936, "02": 23827.729999999956, "03": 1323.7499999999993, "04": 0, "05": 0, "06": 0, "07": 0, "08": 0, "09": 0, "10": 0, "11": 0, "12": 0}