{"01": 26692.630000000056, "02": 15906.150000000018, "03": 378.84000000000003, "04": 0, "05": 0, "06": 0, "07": 0, "08": 0, "09": 0, "10": 0, "11": 0, "12": 0}