{"01": 479880.2500000397, "02": 467720.1200000363, "03": 22332.769999999942, "04": 0, "05": 0, "06": 0, "07": 0, "08": 0, "09": 0, "10": 0, "11": 0, "12": 0}