{"01": 1270.1700000000003, "02": 1535.7699999999998, "03": 115.0, "04": 0, "05": 0, "06": 0, "07": 0, "08": 0, "09": 0, "10": 0, "11": 0, "12": 0}