{"01": 471962.8400000917, "02": 389433.4400000508, "03": 16886.059999999896, "04": 0, "05": 0, "06": 0, "07": 0, "08": 0, "09": 0, "10": 0, "11": 0, "12": 0}