{"01": 670058.1500002667, "02": 668490.2000002628, "03": 37226.90000000057, "04": 0, "05": 0, "06": 0, "07": 0, "08": 0, "09": 0, "10": 0, "11": 0, "12": 0}