{"01": 888083.7300000662, "02": 927056.0700000882, "03": 47870.95000000027, "04": 0, "05": 0, "06": 0, "07": 0, "08": 0, "09": 0, "10": 0, "11": 0, "12": 0}