{"01": 196702.3499999874, "02": 191156.89999998815, "03": 10948.629999999948, "04": 0, "05": 0, "06": 0, "07": 0, "08": 0, "09": 0, "10": 0, "11": 0, "12": 0}