{"01": 2278849.5699988776, "02": 2253400.4899988836, "03": 128510.06999999592, "04": 0, "05": 0, "06": 0, "07": 0, "08": 0, "09": 0, "10": 0, "11": 0, "12": 0}