{"01": 652908.3500002462, "02": 699320.1100002795, "03": 43470.77000000103, "04": 0, "05": 0, "06": 0, "07": 0, "08": 0, "09": 0, "10": 0, "11": 0, "12": 0}