{"01": 135449.44999999896, "02": 142368.11999999918, "03": 8111.489999999999, "04": 0, "05": 0, "06": 0, "07": 0, "08": 0, "09": 0, "10": 0, "11": 0, "12": 0}