{"01": 8246.93999999999, "02": 7922.429999999992, "03": 541.24, "04": 0, "05": 0, "06": 0, "07": 0, "08": 0, "09": 0, "10": 0, "11": 0, "12": 0}