{"01": 7070.399999999991, "02": 6057.139999999997, "03": 173.81, "04": 0, "05": 0, "06": 0, "07": 0, "08": 0, "09": 0, "10": 0, "11": 0, "12": 0}