{"01": 8330.159999999996, "02": 8258.169999999998, "03": 84.22, "04": 0, "05": 0, "06": 0, "07": 0, "08": 0, "09": 0, "10": 0, "11": 0, "12": 0}