{"01": 6541.239999999999, "02": 4385.25, "03": 407.03999999999996, "04": 0, "05": 0, "06": 0, "07": 0, "08": 0, "09": 0, "10": 0, "11": 0, "12": 0}