{"01": 1996580.8700000432, "02": 2061473.6700000896, "03": 118205.41000000156, "04": 0, "05": 0, "06": 0, "07": 0, "08": 0, "09": 0, "10": 0, "11": 0, "12": 0}