{"01": 4974.5199999999995, "02": 5380.839999999999, "03": 142.76999999999998, "04": 0, "05": 0, "06": 0, "07": 0, "08": 0, "09": 0, "10": 0, "11": 0, "12": 0}