{"01": 25036.37999999996, "02": 22548.399999999976, "03": 1305.2500000000005, "04": 0, "05": 0, "06": 0, "07": 0, "08": 0, "09": 0, "10": 0, "11": 0, "12": 0}