{"01": 7643.95, "02": 5932.820000000001, "03": 88.91000000000001, "04": 0, "05": 0, "06": 0, "07": 0, "08": 0, "09": 0, "10": 0, "11": 0, "12": 0}