{"01": 19385.01999999993, "02": 18904.99999999994, "03": 1139.2, "04": 0, "05": 0, "06": 0, "07": 0, "08": 0, "09": 0, "10": 0, "11": 0, "12": 0}