{"01": 9994.809999999998, "02": 7549.590000000001, "03": 242.48000000000002, "04": 0, "05": 0, "06": 0, "07": 0, "08": 0, "09": 0, "10": 0, "11": 0, "12": 0}