{"01": 8670.010000000004, "02": 9325.709999999995, "03": 448.43, "04": 0, "05": 0, "06": 0, "07": 0, "08": 0, "09": 0, "10": 0, "11": 0, "12": 0}