{"01": 6186.060000000002, "02": 5111.769999999999, "03": 733.51, "04": 0, "05": 0, "06": 0, "07": 0, "08": 0, "09": 0, "10": 0, "11": 0, "12": 0}