{"01": 23617.629999999914, "02": 21488.73999999996, "03": 789.51, "04": 0, "05": 0, "06": 0, "07": 0, "08": 0, "09": 0, "10": 0, "11": 0, "12": 0}