{"01": 786705.8600001535, "02": 859259.8200001586, "03": 49701.68000000056, "04": 0, "05": 0, "06": 0, "07": 0, "08": 0, "09": 0, "10": 0, "11": 0, "12": 0}