{"01": 225124.19999998176, "02": 217829.9299999825, "03": 12457.589999999947, "04": 0, "05": 0, "06": 0, "07": 0, "08": 0, "09": 0, "10": 0, "11": 0, "12": 0}