{"01": 1598631.350000442, "02": 1716431.7500005292, "03": 110519.920000002, "04": 0, "05": 0, "06": 0, "07": 0, "08": 0, "09": 0, "10": 0, "11": 0, "12": 0}