{"01": 355062.6900000119, "02": 336297.8400000144, "03": 17183.789999999943, "04": 0, "05": 0, "06": 0, "07": 0, "08": 0, "09": 0, "10": 0, "11": 0, "12": 0}