{"01": 17577.210000000006, "02": 16481.480000000003, "03": 1058.3599999999997, "04": 0, "05": 0, "06": 0, "07": 0, "08": 0, "09": 0, "10": 0, "11": 0, "12": 0}