{"01": 186476.08999998457, "02": 232327.06999998627, "03": 17130.19999999995, "04": 0, "05": 0, "06": 0, "07": 0, "08": 0, "09": 0, "10": 0, "11": 0, "12": 0}