{"01": 760138.280000198, "02": 757641.2900002134, "03": 42382.94000000069, "04": 0, "05": 0, "06": 0, "07": 0, "08": 0, "09": 0, "10": 0, "11": 0, "12": 0}