{"01": 20674.289999999994, "02": 14191.309999999994, "03": 747.3299999999999, "04": 0, "05": 0, "06": 0, "07": 0, "08": 0, "09": 0, "10": 0, "11": 0, "12": 0}