{"01": 359.02000000000004, "02": 406.2900000000001, "03": 28.509999999999998, "04": 0, "05": 0, "06": 0, "07": 0, "08": 0, "09": 0, "10": 0, "11": 0, "12": 0}