{"01": 9689039.94002902, "02": 9492666.070028245, "03": 492058.7600000806, "04": 0, "05": 0, "06": 0, "07": 0, "08": 0, "09": 0, "10": 0, "11": 0, "12": 0}