{"01": 760310.5200001531, "02": 797093.1100001631, "03": 46616.57000000064, "04": 0, "05": 0, "06": 0, "07": 0, "08": 0, "09": 0, "10": 0, "11": 0, "12": 0}