{"01": 421071.23000007874, "02": 385584.180000052, "03": 15112.98999999983, "04": 0, "05": 0, "06": 0, "07": 0, "08": 0, "09": 0, "10": 0, "11": 0, "12": 0}