{"01": 1136145.040000677, "02": 1095551.7400009148, "03": 56990.70000000298, "04": 0, "05": 0, "06": 0, "07": 0, "08": 0, "09": 0, "10": 0, "11": 0, "12": 0}