{"01": 70500.55000000232, "02": 67674.31000000285, "03": 3423.1500000000083, "04": 0, "05": 0, "06": 0, "07": 0, "08": 0, "09": 0, "10": 0, "11": 0, "12": 0}