{"01": 212955.9799999732, "02": 160544.14999998442, "03": 6001.159999999996, "04": 0, "05": 0, "06": 0, "07": 0, "08": 0, "09": 0, "10": 0, "11": 0, "12": 0}