{"01": 360351.07999994484, "02": 352052.6199999552, "03": 18302.919999999922, "04": 0, "05": 0, "06": 0, "07": 0, "08": 0, "09": 0, "10": 0, "11": 0, "12": 0}