{"01": 125739.82999999842, "02": 115690.33999999851, "03": 5641.8499999999985, "04": 0, "05": 0, "06": 0, "07": 0, "08": 0, "09": 0, "10": 0, "11": 0, "12": 0}