{"01": 16352.509999999904, "02": 15261.619999999935, "03": 1259.72, "04": 0, "05": 0, "06": 0, "07": 0, "08": 0, "09": 0, "10": 0, "11": 0, "12": 0}