{"01": 1491614.409999932, "02": 1442167.179999904, "03": 78740.31999999988, "04": 0, "05": 0, "06": 0, "07": 0, "08": 0, "09": 0, "10": 0, "11": 0, "12": 0}