{"01": 4287080.139999174, "02": 4147420.3499992434, "03": 230091.81999999657, "04": 0, "05": 0, "06": 0, "07": 0, "08": 0, "09": 0, "10": 0, "11": 0, "12": 0}