{"01": 6489.7699999999995, "02": 6515.520000000002, "03": 233.83, "04": 0, "05": 0, "06": 0, "07": 0, "08": 0, "09": 0, "10": 0, "11": 0, "12": 0}