{"01": 406804.68999999913, "02": 386231.5100000015, "03": 19845.269999999993, "04": 0, "05": 0, "06": 0, "07": 0, "08": 0, "09": 0, "10": 0, "11": 0, "12": 0}