{"01": 850255.0700000067, "02": 808726.9200000117, "03": 43730.59999999994, "04": 0, "05": 0, "06": 0, "07": 0, "08": 0, "09": 0, "10": 0, "11": 0, "12": 0}