{"01": 890747.8800003345, "02": 869765.7300003123, "03": 49327.31000000085, "04": 0, "05": 0, "06": 0, "07": 0, "08": 0, "09": 0, "10": 0, "11": 0, "12": 0}