{"01": 40915.590000000826, "02": 40319.33000000069, "03": 1914.0000000000002, "04": 0, "05": 0, "06": 0, "07": 0, "08": 0, "09": 0, "10": 0, "11": 0, "12": 0}