{"01": 173173.91999999245, "02": 170296.3199999914, "03": 9336.439999999966, "04": 0, "05": 0, "06": 0, "07": 0, "08": 0, "09": 0, "10": 0, "11": 0, "12": 0}