{"01": 79664.49999999965, "02": 71992.20000000017, "03": 3959.5600000000018, "04": 0, "05": 0, "06": 0, "07": 0, "08": 0, "09": 0, "10": 0, "11": 0, "12": 0}