{"01": 110437.50999999933, "02": 82294.47000000085, "03": 4641.700000000013, "04": 0, "05": 0, "06": 0, "07": 0, "08": 0, "09": 0, "10": 0, "11": 0, "12": 0}