{"01": 52002.09000000077, "02": 51216.44000000072, "03": 1993.2500000000014, "04": 0, "05": 0, "06": 0, "07": 0, "08": 0, "09": 0, "10": 0, "11": 0, "12": 0}