{"01": 48169.970000001456, "02": 47859.45000000127, "03": 2444.9900000000043, "04": 0, "05": 0, "06": 0, "07": 0, "08": 0, "09": 0, "10": 0, "11": 0, "12": 0}