{"01": 222273.64999997636, "02": 225162.32999997298, "03": 11350.779999999928, "04": 0, "05": 0, "06": 0, "07": 0, "08": 0, "09": 0, "10": 0, "11": 0, "12": 0}