{"01": 218125.85999998366, "02": 258663.21999997742, "03": 13860.97999999993, "04": 0, "05": 0, "06": 0, "07": 0, "08": 0, "09": 0, "10": 0, "11": 0, "12": 0}