{"01": 338999.91000002023, "02": 314354.8599999977, "03": 15259.769999999931, "04": 0, "05": 0, "06": 0, "07": 0, "08": 0, "09": 0, "10": 0, "11": 0, "12": 0}