{"01": 17268.339999999833, "02": 16996.119999999784, "03": 895.5499999999994, "04": 0, "05": 0, "06": 0, "07": 0, "08": 0, "09": 0, "10": 0, "11": 0, "12": 0}