{"01": 273242.6599999923, "02": 265294.23999998596, "03": 13429.119999999959, "04": 0, "05": 0, "06": 0, "07": 0, "08": 0, "09": 0, "10": 0, "11": 0, "12": 0}