{"01": 464305.0600000503, "02": 472172.27000004565, "03": 25433.360000000084, "04": 0, "05": 0, "06": 0, "07": 0, "08": 0, "09": 0, "10": 0, "11": 0, "12": 0}