{"01": 278893.00999998755, "02": 284964.7599999932, "03": 12778.919999999947, "04": 0, "05": 0, "06": 0, "07": 0, "08": 0, "09": 0, "10": 0, "11": 0, "12": 0}