{"01": 63382.46000000193, "02": 64356.08000000173, "03": 3202.8900000000044, "04": 0, "05": 0, "06": 0, "07": 0, "08": 0, "09": 0, "10": 0, "11": 0, "12": 0}