{"01": 7291.359999999988, "02": 9243.69999999997, "03": 980.4000000000001, "04": 0, "05": 0, "06": 0, "07": 0, "08": 0, "09": 0, "10": 0, "11": 0, "12": 0}