{"01": 80496.82999999954, "02": 82371.46999999968, "03": 4076.010000000005, "04": 0, "05": 0, "06": 0, "07": 0, "08": 0, "09": 0, "10": 0, "11": 0, "12": 0}