{"01": 49577.22000000192, "02": 52072.23000000251, "03": 2875.390000000006, "04": 0, "05": 0, "06": 0, "07": 0, "08": 0, "09": 0, "10": 0, "11": 0, "12": 0}