{"01": 56731.96000000101, "02": 54657.960000001316, "03": 3084.4000000000033, "04": 0, "05": 0, "06": 0, "07": 0, "08": 0, "09": 0, "10": 0, "11": 0, "12": 0}