{"01": 209786.92999998192, "02": 213073.8899999816, "03": 11809.91999999995, "04": 0, "05": 0, "06": 0, "07": 0, "08": 0, "09": 0, "10": 0, "11": 0, "12": 0}