{"01": 39854.0500000004, "02": 30510.240000000227, "03": 1284.4600000000003, "04": 0, "05": 0, "06": 0, "07": 0, "08": 0, "09": 0, "10": 0, "11": 0, "12": 0}