{"01": 193704.79999998846, "02": 199326.77999999077, "03": 9979.629999999974, "04": 0, "05": 0, "06": 0, "07": 0, "08": 0, "09": 0, "10": 0, "11": 0, "12": 0}