{"01": 23409.629999999986, "02": 23528.579999999973, "03": 1260.02, "04": 0, "05": 0, "06": 0, "07": 0, "08": 0, "09": 0, "10": 0, "11": 0, "12": 0}