{"01": 14234.18999999985, "02": 14038.809999999847, "03": 688.3199999999996, "04": 0, "05": 0, "06": 0, "07": 0, "08": 0, "09": 0, "10": 0, "11": 0, "12": 0}