{"01": 84023.23, "02": 77216.01999999997, "03": 2745.530000000001, "04": 0, "05": 0, "06": 0, "07": 0, "08": 0, "09": 0, "10": 0, "11": 0, "12": 0}