{"01": 97337.6899999977, "02": 98210.1399999969, "03": 4130.370000000008, "04": 0, "05": 0, "06": 0, "07": 0, "08": 0, "09": 0, "10": 0, "11": 0, "12": 0}