{"01": 54529.890000001345, "02": 67907.460000002, "03": 4227.470000000008, "04": 0, "05": 0, "06": 0, "07": 0, "08": 0, "09": 0, "10": 0, "11": 0, "12": 0}