{"01": 177698.1799999886, "02": 175909.29999998593, "03": 8966.569999999983, "04": 0, "05": 0, "06": 0, "07": 0, "08": 0, "09": 0, "10": 0, "11": 0, "12": 0}