{"01": 48807.74000000065, "02": 78012.64000000014, "03": 12655.26999999994, "04": 0, "05": 0, "06": 0, "07": 0, "08": 0, "09": 0, "10": 0, "11": 0, "12": 0}