{"01": 308390.74999997317, "02": 305020.59999997215, "03": 15598.989999999842, "04": 0, "05": 0, "06": 0, "07": 0, "08": 0, "09": 0, "10": 0, "11": 0, "12": 0}