{"01": 143023.13999999771, "02": 118377.42999999928, "03": 8626.509999999995, "04": 0, "05": 0, "06": 0, "07": 0, "08": 0, "09": 0, "10": 0, "11": 0, "12": 0}