{"01": 137995.65000000485, "02": 126993.79000000555, "03": 5453.030000000013, "04": 0, "05": 0, "06": 0, "07": 0, "08": 0, "09": 0, "10": 0, "11": 0, "12": 0}