{"01": 259769.16999996995, "02": 218932.03999997582, "03": 11006.479999999945, "04": 0, "05": 0, "06": 0, "07": 0, "08": 0, "09": 0, "10": 0, "11": 0, "12": 0}