{"01": 90854.3700000003, "02": 80334.77000000057, "03": 3716.5600000000036, "04": 0, "05": 0, "06": 0, "07": 0, "08": 0, "09": 0, "10": 0, "11": 0, "12": 0}