{"01": 24500.83000000006, "02": 18480.449999999993, "03": 360.66, "04": 0, "05": 0, "06": 0, "07": 0, "08": 0, "09": 0, "10": 0, "11": 0, "12": 0}