{"01": 484940.39000006294, "02": 465767.88000006176, "03": 23538.380000000136, "04": 0, "05": 0, "06": 0, "07": 0, "08": 0, "09": 0, "10": 0, "11": 0, "12": 0}