{"01": 1796283.6200000492, "02": 1700207.1500000448, "03": 111345.37000000017, "04": 0, "05": 0, "06": 0, "07": 0, "08": 0, "09": 0, "10": 0, "11": 0, "12": 0}