{"01": 67808.15000000145, "02": 74869.69000000032, "03": 5137.059999999994, "04": 0, "05": 0, "06": 0, "07": 0, "08": 0, "09": 0, "10": 0, "11": 0, "12": 0}