{"01": 36123.79000000102, "02": 36455.41000000084, "03": 1990.180000000001, "04": 0, "05": 0, "06": 0, "07": 0, "08": 0, "09": 0, "10": 0, "11": 0, "12": 0}