{"01": 4196.800000000003, "02": 4216.450000000004, "03": 266.22, "04": 0, "05": 0, "06": 0, "07": 0, "08": 0, "09": 0, "10": 0, "11": 0, "12": 0}