{"01": 50545.26000000098, "02": 45553.270000000324, "03": 3266.740000000003, "04": 0, "05": 0, "06": 0, "07": 0, "08": 0, "09": 0, "10": 0, "11": 0, "12": 0}