{"01": 141970.37999999395, "02": 128507.67999999625, "03": 4968.220000000002, "04": 0, "05": 0, "06": 0, "07": 0, "08": 0, "09": 0, "10": 0, "11": 0, "12": 0}