{"01": 1567307.439999994, "02": 1525561.9699999902, "03": 48694.979999999974, "04": 0, "05": 0, "06": 0, "07": 0, "08": 0, "09": 0, "10": 0, "11": 0, "12": 0}