{"01": 34921.58000000069, "02": 33996.30000000064, "03": 1683.5900000000015, "04": 0, "05": 0, "06": 0, "07": 0, "08": 0, "09": 0, "10": 0, "11": 0, "12": 0}