{"01": 5976.399999999982, "02": 3911.0700000000083, "03": 198.45000000000002, "04": 0, "05": 0, "06": 0, "07": 0, "08": 0, "09": 0, "10": 0, "11": 0, "12": 0}