{"01": 69276.80000000076, "02": 83728.78999999943, "03": 7559.12999999998, "04": 0, "05": 0, "06": 0, "07": 0, "08": 0, "09": 0, "10": 0, "11": 0, "12": 0}