{"01": 726039.7200000612, "02": 691051.0700000629, "03": 35393.40000000014, "04": 0, "05": 0, "06": 0, "07": 0, "08": 0, "09": 0, "10": 0, "11": 0, "12": 0}