{"01": 952739.0300001963, "02": 958472.7700001923, "03": 51671.61000000059, "04": 0, "05": 0, "06": 0, "07": 0, "08": 0, "09": 0, "10": 0, "11": 0, "12": 0}